appointment_id,patient_id,nhs_pseudo_id,registered_gp_practice_id,service_location_id,clinician_id,appointment_start_datetime,appointment_end_datetime,appointment_type,mode,slot_type,booking_status,booking_created_datetime,booking_updated_datetime,wait_time_days,imd_decile
1913,238,PSEUDO_000238,GP_032,11,102,2024-12-27,2024-12-27,GP,TELEPHONE,ROUTINE,ATTENDED,2024-11-22,2024-11-26,35,2
1945,242,PSEUDO_000242,GP_023,3,26,2024-12-27,2024-12-27,OP,F2F,ROUTINE,ATTENDED,2024-10-19,2024-10-24,69,1
2892,365,PSEUDO_000365,GP_062,6,197,2024-12-27,2024-12-27,GP,F2F,ROUTINE,ATTENDED,2024-12-19,2024-12-19,8,4
3111,392,PSEUDO_000392,GP_057,17,49,2024-12-27,2024-12-27,GP,TELEPHONE,ROUTINE,DNA,2024-11-14,2024-11-14,43,8
3818,470,PSEUDO_000470,GP_026,25,281,2024-12-27,2024-12-27,OP,F2F,ROUTINE,ATTENDED,2024-10-30,2024-11-02,58,3
5942,713,PSEUDO_000713,GP_081,23,267,2024-12-27,2024-12-27,OP,VIDEO,ROUTINE,ATTENDED,2024-10-21,2024-10-26,67,2
8037,945,PSEUDO_000945,GP_088,3,133,2024-12-27,2024-12-27,GP,F2F,ROUTINE,ATTENDED,2024-11-23,2024-11-29,34,4
9531,1113,PSEUDO_001113,GP_021,19,220,2024-12-27,2024-12-27,OP,F2F,ROUTINE,CANCELLED,2024-11-11,2024-11-12,46,7
10030,1161,PSEUDO_001161,GP_015,15,209,2024-12-27,2024-12-27,OP,TELEPHONE,ROUTINE,DNA,2024-11-06,2024-11-13,51,5
15757,1831,PSEUDO_001831,GP_012,19,16,2024-12-27,2024-12-27,GP,F2F,ROUTINE,ATTENDED,2024-11-29,2024-12-01,28,8
16769,1943,PSEUDO_001943,GP_086,13,26,2024-12-27,2024-12-27,OP,TELEPHONE,ROUTINE,ATTENDED,2024-11-08,2024-11-13,49,4
17108,1977,PSEUDO_001977,GP_099,12,155,2024-12-27,2024-12-27,GP,F2F,ROUTINE,ATTENDED,2024-11-29,2024-12-05,28,3
17364,2016,PSEUDO_002016,GP_018,25,58,2024-12-27,2024-12-27,OP,TELEPHONE,ROUTINE,ATTENDED,2024-10-22,2024-10-25,66,2
17523,2034,PSEUDO_002034,GP_017,18,134,2024-12-27,2024-12-27,OP,TELEPHONE,ROUTINE,ATTENDED,2024-11-10,2024-11-16,47,2
17814,2072,PSEUDO_002072,GP_050,18,213,2024-12-27,2024-12-27,GP,F2F,ROUTINE,ATTENDED,2024-11-26,2024-12-02,31,8
18171,2112,PSEUDO_002112,GP_095,25,102,2024-12-27,2024-12-27,GP,F2F,ROUTINE,ATTENDED,2024-11-10,2024-11-11,47,2
19891,2317,PSEUDO_002317,GP_032,21,293,2024-12-27,2024-12-27,GP,F2F,ROUTINE,ATTENDED,2024-11-13,2024-11-15,44,6
23813,2753,PSEUDO_002753,GP_023,8,134,2024-12-27,2024-12-27,GP,TELEPHONE,ROUTINE,ATTENDED,2024-11-18,2024-11-24,39,8
25334,2929,PSEUDO_002929,GP_072,13,207,2024-12-27,2024-12-27,GP,F2F,ROUTINE,DNA,2024-10-17,2024-10-21,71,3
26413,3046,PSEUDO_003046,GP_084,25,195,2024-12-27,2024-12-27,OP,F2F,ROUTINE,ATTENDED,2024-11-15,2024-11-22,42,1
30117,3475,PSEUDO_003475,GP_054,13,279,2024-12-27,2024-12-27,OP,F2F,ROUTINE,ATTENDED,2024-10-20,2024-10-22,68,3
30900,3568,PSEUDO_003568,GP_052,5,305,2024-12-27,2024-12-27,GP,VIDEO,ROUTINE,ATTENDED,2024-10-14,2024-10-21,74,1
31077,3584,PSEUDO_003584,GP_040,13,174,2024-12-27,2024-12-27,GP,TELEPHONE,ROUTINE,ATTENDED,2024-11-12,2024-11-14,45,4
31476,3633,PSEUDO_003633,GP_011,20,281,2024-12-27,2024-12-27,OP,F2F,ROUTINE,ATTENDED,2024-11-27,2024-11-30,30,2
32024,3706,PSEUDO_003706,GP_098,2,254,2024-12-27,2024-12-27,GP,F2F,URGENT,ATTENDED,2024-11-09,2024-11-09,48,4
32825,3804,PSEUDO_003804,GP_028,1,370,2024-12-27,2024-12-27,OP,F2F,ROUTINE,ATTENDED,2024-10-18,2024-10-18,70,3
34958,4048,PSEUDO_004048,GP_041,4,142,2024-12-27,2024-12-27,GP,F2F,ROUTINE,ATTENDED,2024-11-10,2024-11-16,47,2
35811,4155,PSEUDO_004155,GP_086,18,367,2024-12-27,2024-12-27,GP,F2F,ROUTINE,ATTENDED,2024-10-29,2024-10-30,59,1
41534,4823,PSEUDO_004823,GP_041,17,300,2024-12-27,2024-12-27,GP,F2F,ROUTINE,ATTENDED,2024-11-18,2024-11-20,39,3
41835,4865,PSEUDO_004865,GP_036,25,110,2024-12-27,2024-12-27,OP,F2F,ROUTINE,ATTENDED,2024-11-22,2024-11-27,35,7
42279,4916,PSEUDO_004916,GP_072,13,23,2024-12-27,2024-12-27,OP,F2F,ROUTINE,ATTENDED,2024-11-09,2024-11-09,48,4
45235,5268,PSEUDO_005268,GP_041,14,192,2024-12-27,2024-12-27,GP,VIDEO,URGENT,ATTENDED,2024-12-01,2024-12-07,26,1
46208,5366,PSEUDO_005366,GP_088,7,365,2024-12-27,2024-12-27,GP,F2F,ROUTINE,BOOKED,2024-12-05,2024-12-07,22,9
49623,5785,PSEUDO_005785,GP_061,9,339,2024-12-27,2024-12-27,GP,F2F,ROUTINE,ATTENDED,2024-11-15,2024-11-17,42,1
54703,6359,PSEUDO_006359,GP_081,24,254,2024-12-27,2024-12-27,GP,F2F,ROUTINE,DNA,2024-11-25,2024-12-02,32,2
56346,6550,PSEUDO_006550,GP_051,19,244,2024-12-27,2024-12-27,OP,F2F,URGENT,DNA,2024-11-09,2024-11-09,48,1
56626,6587,PSEUDO_006587,GP_020,13,290,2024-12-27,2024-12-27,OP,F2F,ROUTINE,ATTENDED,2024-11-10,2024-11-12,47,2
59703,6933,PSEUDO_006933,GP_011,17,6,2024-12-27,2024-12-27,GP,F2F,ROUTINE,ATTENDED,2024-12-10,2024-12-15,17,8
61360,7124,PSEUDO_007124,GP_003,12,186,2024-12-27,2024-12-27,GP,F2F,ROUTINE,ATTENDED,2024-11-08,2024-11-13,49,1
62208,7231,PSEUDO_007231,GP_048,21,77,2024-12-27,2024-12-27,GP,TELEPHONE,ROUTINE,ATTENDED,2024-11-09,2024-11-14,48,7
63082,7341,PSEUDO_007341,GP_038,13,26,2024-12-27,2024-12-27,GP,F2F,ROUTINE,ATTENDED,2024-11-18,2024-11-25,39,1
63517,7389,PSEUDO_007389,GP_054,14,371,2024-12-27,2024-12-27,OP,F2F,ROUTINE,ATTENDED,2024-10-31,2024-11-03,57,1
63843,7431,PSEUDO_007431,GP_100,23,355,2024-12-27,2024-12-27,OP,F2F,URGENT,DNA,2024-11-18,2024-11-20,39,2
65876,7684,PSEUDO_007684,GP_013,23,185,2024-12-27,2024-12-27,GP,F2F,URGENT,CANCELLED,2024-11-16,2024-11-23,41,9
66316,7734,PSEUDO_007734,GP_029,17,119,2024-12-27,2024-12-27,OP,F2F,ROUTINE,ATTENDED,2024-12-01,2024-12-02,26,2
69946,8204,PSEUDO_008204,GP_016,4,389,2024-12-27,2024-12-27,OP,F2F,ROUTINE,ATTENDED,2024-11-04,2024-11-07,53,3
70517,8274,PSEUDO_008274,GP_027,16,175,2024-12-27,2024-12-27,GP,VIDEO,ROUTINE,ATTENDED,2024-11-13,2024-11-16,44,1
73203,8583,PSEUDO_008583,GP_011,14,159,2024-12-27,2024-12-27,OP,F2F,URGENT,ATTENDED,2024-11-14,2024-11-14,43,3
74316,8716,PSEUDO_008716,GP_033,5,14,2024-12-27,2024-12-27,GP,TELEPHONE,ROUTINE,ATTENDED,2024-11-26,2024-12-02,31,3
74324,8716,PSEUDO_008716,GP_033,22,121,2024-12-27,2024-12-27,GP,F2F,ROUTINE,ATTENDED,2024-12-03,2024-12-10,24,3
74402,8724,PSEUDO_008724,GP_045,24,221,2024-12-27,2024-12-27,GP,TELEPHONE,ROUTINE,ATTENDED,2024-11-28,2024-12-04,29,2
75264,8835,PSEUDO_008835,GP_023,4,56,2024-12-27,2024-12-27,GP,F2F,URGENT,DNA,2024-12-02,2024-12-02,25,1
77221,9059,PSEUDO_009059,GP_035,2,186,2024-12-27,2024-12-27,GP,F2F,ROUTINE,ATTENDED,2024-11-28,2024-12-02,29,5
78109,9161,PSEUDO_009161,GP_053,15,343,2024-12-27,2024-12-27,GP,F2F,ROUTINE,ATTENDED,2024-12-06,2024-12-10,21,1
79921,9376,PSEUDO_009376,GP_063,7,148,2024-12-27,2024-12-27,GP,F2F,ROUTINE,DNA,2024-11-11,2024-11-14,46,4
80051,9392,PSEUDO_009392,GP_028,17,35,2024-12-27,2024-12-27,OP,F2F,ROUTINE,ATTENDED,2024-10-24,2024-10-29,64,2
82557,9704,PSEUDO_009704,GP_039,5,188,2024-12-27,2024-12-27,GP,TELEPHONE,ROUTINE,ATTENDED,2024-10-27,2024-10-31,61,1
83953,9858,PSEUDO_009858,GP_089,14,246,2024-12-27,2024-12-27,GP,F2F,ROUTINE,ATTENDED,2024-10-30,2024-10-30,58,1
86413,10185,PSEUDO_010185,GP_003,21,227,2024-12-27,2024-12-27,OP,F2F,ROUTINE,ATTENDED,2024-11-23,2024-11-27,34,2
86597,10208,PSEUDO_010208,GP_094,13,130,2024-12-27,2024-12-27,OP,TELEPHONE,ROUTINE,DNA,2024-11-22,2024-11-22,35,7
87198,10279,PSEUDO_010279,GP_092,15,147,2024-12-27,2024-12-27,OP,F2F,ROUTINE,ATTENDED,2024-10-24,2024-10-26,64,1
87560,10318,PSEUDO_010318,GP_086,6,328,2024-12-27,2024-12-27,OP,TELEPHONE,URGENT,DNA,2024-12-03,2024-12-10,24,4
87664,10330,PSEUDO_010330,GP_063,15,156,2024-12-27,2024-12-27,GP,TELEPHONE,ROUTINE,ATTENDED,2024-11-18,2024-11-22,39,7
90834,10683,PSEUDO_010683,GP_017,7,17,2024-12-27,2024-12-27,OP,TELEPHONE,ROUTINE,ATTENDED,2024-11-23,2024-11-28,34,5
92285,10850,PSEUDO_010850,GP_089,13,128,2024-12-27,2024-12-27,OP,TELEPHONE,ROUTINE,BOOKED,2024-11-30,2024-12-07,27,6
94620,11105,PSEUDO_011105,GP_027,25,384,2024-12-27,2024-12-27,OP,TELEPHONE,ROUTINE,ATTENDED,2024-11-23,2024-11-28,34,3
95807,11252,PSEUDO_011252,GP_073,2,149,2024-12-27,2024-12-27,OP,F2F,ROUTINE,ATTENDED,2024-10-28,2024-11-01,60,2
99319,11655,PSEUDO_011655,GP_055,16,55,2024-12-27,2024-12-27,GP,F2F,ROUTINE,ATTENDED,2024-11-21,2024-11-26,36,6
103106,12092,PSEUDO_012092,GP_059,10,24,2024-12-27,2024-12-27,OP,F2F,URGENT,ATTENDED,2024-11-08,2024-11-08,49,2
105600,12370,PSEUDO_012370,GP_050,20,211,2024-12-27,2024-12-27,GP,F2F,ROUTINE,ATTENDED,2024-12-02,2024-12-02,25,6
111490,13055,PSEUDO_013055,GP_016,14,320,2024-12-27,2024-12-27,OP,F2F,ROUTINE,ATTENDED,2024-11-13,2024-11-13,44,3
111517,13059,PSEUDO_013059,GP_096,24,148,2024-12-27,2024-12-27,OP,F2F,ROUTINE,ATTENDED,2024-11-26,2024-12-02,31,4
111990,13108,PSEUDO_013108,GP_021,4,206,2024-12-27,2024-12-27,GP,F2F,ROUTINE,ATTENDED,2024-11-06,2024-11-09,51,3
114943,13478,PSEUDO_013478,GP_050,18,378,2024-12-27,2024-12-27,GP,F2F,URGENT,ATTENDED,2024-12-03,2024-12-10,24,1
115365,13530,PSEUDO_013530,GP_003,25,63,2024-12-27,2024-12-27,GP,F2F,ROUTINE,CANCELLED,2024-10-25,2024-10-30,63,3
120382,14105,PSEUDO_014105,GP_030,19,316,2024-12-27,2024-12-27,OP,F2F,ROUTINE,ATTENDED,2024-12-10,2024-12-13,17,9
121021,14184,PSEUDO_014184,GP_035,15,275,2024-12-27,2024-12-27,GP,F2F,ROUTINE,ATTENDED,2024-11-07,2024-11-12,50,2
123027,14413,PSEUDO_014413,GP_034,7,391,2024-12-27,2024-12-27,OP,F2F,ROUTINE,ATTENDED,2024-10-20,2024-10-22,68,2
125733,14726,PSEUDO_014726,GP_050,7,346,2024-12-27,2024-12-27,GP,F2F,ROUTINE,ATTENDED,2024-11-11,2024-11-12,46,3
127166,14884,PSEUDO_014884,GP_012,23,27,2024-12-27,2024-12-27,GP,F2F,URGENT,ATTENDED,2024-11-30,2024-11-30,27,5
127249,14893,PSEUDO_014893,GP_035,3,333,2024-12-27,2024-12-27,GP,F2F,ROUTINE,ATTENDED,2024-10-20,2024-10-27,68,2
129661,15216,PSEUDO_015216,GP_021,7,51,2024-12-27,2024-12-27,GP,TELEPHONE,ROUTINE,ATTENDED,2024-11-08,2024-11-08,49,2
131222,15398,PSEUDO_015398,GP_077,4,53,2024-12-27,2024-12-27,GP,F2F,ROUTINE,ATTENDED,2024-11-13,2024-11-13,44,5
131263,15403,PSEUDO_015403,GP_083,7,57,2024-12-27,2024-12-27,GP,VIDEO,ROUTINE,ATTENDED,2024-11-16,2024-11-18,41,2
133161,15623,PSEUDO_015623,GP_028,2,243,2024-12-27,2024-12-27,OP,F2F,ROUTINE,ATTENDED,2024-10-26,2024-11-02,62,1
134896,15844,PSEUDO_015844,GP_100,3,280,2024-12-27,2024-12-27,OP,TELEPHONE,ROUTINE,ATTENDED,2024-12-05,2024-12-10,22,7
136765,16056,PSEUDO_016056,GP_065,7,306,2024-12-27,2024-12-27,GP,VIDEO,ROUTINE,DNA,2024-12-01,2024-12-08,26,1
141132,16539,PSEUDO_016539,GP_061,8,154,2024-12-27,2024-12-27,GP,F2F,ROUTINE,DNA,2024-11-22,2024-11-28,35,1
142976,16755,PSEUDO_016755,GP_031,22,229,2024-12-27,2024-12-27,OP,TELEPHONE,URGENT,DNA,2024-11-07,2024-11-07,50,7
146726,17181,PSEUDO_017181,GP_035,3,154,2024-12-27,2024-12-27,GP,F2F,ROUTINE,ATTENDED,2024-11-07,2024-11-08,50,1
150973,17692,PSEUDO_017692,GP_019,21,343,2024-12-27,2024-12-27,GP,F2F,ROUTINE,ATTENDED,2024-12-04,2024-12-10,23,4
152787,17914,PSEUDO_017914,GP_084,4,323,2024-12-27,2024-12-27,OP,F2F,ROUTINE,ATTENDED,2024-10-26,2024-11-01,62,1
154174,18076,PSEUDO_018076,GP_068,4,366,2024-12-27,2024-12-27,GP,F2F,ROUTINE,ATTENDED,2024-11-02,2024-11-08,55,3
154826,18163,PSEUDO_018163,GP_048,9,309,2024-12-27,2024-12-27,GP,F2F,URGENT,ATTENDED,2024-10-25,2024-10-30,63,1
154951,18173,PSEUDO_018173,GP_081,6,378,2024-12-27,2024-12-27,OP,F2F,ROUTINE,ATTENDED,2024-10-27,2024-10-27,61,2
159227,18669,PSEUDO_018669,GP_080,19,138,2024-12-27,2024-12-27,GP,F2F,ROUTINE,ATTENDED,2024-11-06,2024-11-08,51,1
160159,18763,PSEUDO_018763,GP_100,10,372,2024-12-27,2024-12-27,OP,F2F,ROUTINE,ATTENDED,2024-11-08,2024-11-13,49,10
161773,18943,PSEUDO_018943,GP_043,4,202,2024-12-27,2024-12-27,GP,TELEPHONE,ROUTINE,ATTENDED,2024-11-11,2024-11-14,46,5
163698,19170,PSEUDO_019170,GP_089,3,196,2024-12-27,2024-12-27,GP,F2F,ROUTINE,ATTENDED,2024-11-24,2024-11-29,33,2
164323,19240,PSEUDO_019240,GP_063,16,221,2024-12-27,2024-12-27,OP,F2F,ROUTINE,ATTENDED,2024-11-04,2024-11-06,53,2
170199,19924,PSEUDO_019924,GP_010,13,145,2024-12-27,2024-12-27,GP,F2F,ROUTINE,ATTENDED,2024-12-19,2024-12-19,8,5
171312,20046,PSEUDO_020046,GP_032,23,218,2024-12-27,2024-12-27,GP,F2F,ROUTINE,ATTENDED,2024-11-15,2024-11-17,42,1
173745,20316,PSEUDO_020316,GP_013,22,38,2024-12-27,2024-12-27,GP,F2F,ROUTINE,ATTENDED,2024-11-29,2024-11-30,28,4
173855,20329,PSEUDO_020329,GP_039,6,197,2024-12-27,2024-12-27,OP,TELEPHONE,ROUTINE,ATTENDED,2024-11-06,2024-11-12,51,2
174805,20438,PSEUDO_020438,GP_070,20,379,2024-12-27,2024-12-27,GP,F2F,URGENT,ATTENDED,2024-11-27,2024-12-02,30,2
175580,20527,PSEUDO_020527,GP_035,18,55,2024-12-27,2024-12-27,OP,F2F,ROUTINE,DNA,2024-11-13,2024-11-13,44,7
175630,20530,PSEUDO_020530,GP_059,21,328,2024-12-27,2024-12-27,GP,F2F,ROUTINE,ATTENDED,2024-11-11,2024-11-13,46,1
175987,20570,PSEUDO_020570,GP_018,25,84,2024-12-27,2024-12-27,OP,F2F,ROUTINE,ATTENDED,2024-11-28,2024-12-05,29,6
176131,20586,PSEUDO_020586,GP_060,16,324,2024-12-27,2024-12-27,GP,F2F,ROUTINE,ATTENDED,2024-11-01,2024-11-01,56,3
178616,20847,PSEUDO_020847,GP_043,12,165,2024-12-27,2024-12-27,OP,F2F,ROUTINE,ATTENDED,2024-11-21,2024-11-24,36,2
179246,20924,PSEUDO_020924,GP_076,12,129,2024-12-27,2024-12-27,GP,F2F,ROUTINE,DNA,2024-11-18,2024-11-23,39,10
179425,20947,PSEUDO_020947,GP_018,4,256,2024-12-27,2024-12-27,GP,TELEPHONE,ROUTINE,BOOKED,2024-10-09,2024-10-16,79,3
182432,21292,PSEUDO_021292,GP_065,24,366,2024-12-27,2024-12-27,GP,TELEPHONE,ROUTINE,ATTENDED,2024-11-01,2024-11-07,56,3
182854,21332,PSEUDO_021332,GP_074,3,158,2024-12-27,2024-12-27,GP,TELEPHONE,ROUTINE,ATTENDED,2024-10-09,2024-10-10,79,2
185649,21667,PSEUDO_021667,GP_049,11,82,2024-12-27,2024-12-27,OP,F2F,ROUTINE,ATTENDED,2024-11-27,2024-12-01,30,2
187115,21840,PSEUDO_021840,GP_065,24,242,2024-12-27,2024-12-27,OP,F2F,ROUTINE,ATTENDED,2024-11-15,2024-11-16,42,3
188400,21974,PSEUDO_021974,GP_013,8,289,2024-12-27,2024-12-27,GP,F2F,ROUTINE,ATTENDED,2024-11-30,2024-12-01,27,3
189080,22051,PSEUDO_022051,GP_038,12,366,2024-12-27,2024-12-27,GP,F2F,ROUTINE,ATTENDED,2024-11-17,2024-11-23,40,10
190106,22155,PSEUDO_022155,GP_091,4,100,2024-12-27,2024-12-27,GP,F2F,ROUTINE,ATTENDED,2024-11-23,2024-11-28,34,3
190896,22249,PSEUDO_022249,GP_025,6,228,2024-12-27,2024-12-27,GP,TELEPHONE,ROUTINE,ATTENDED,2024-11-20,2024-11-27,37,6
194898,22681,PSEUDO_022681,GP_040,21,240,2024-12-27,2024-12-27,GP,F2F,ROUTINE,ATTENDED,2024-12-08,2024-12-12,19,5
195116,22699,PSEUDO_022699,GP_084,11,339,2024-12-27,2024-12-27,OP,TELEPHONE,ROUTINE,ATTENDED,2024-11-21,2024-11-22,36,2
195684,22767,PSEUDO_022767,GP_068,12,365,2024-12-27,2024-12-27,GP,F2F,ROUTINE,ATTENDED,2024-10-24,2024-10-31,64,1
196630,22873,PSEUDO_022873,GP_072,18,255,2024-12-27,2024-12-27,GP,F2F,ROUTINE,ATTENDED,2024-11-27,2024-12-01,30,10
197257,22957,PSEUDO_022957,GP_068,12,77,2024-12-27,2024-12-27,GP,TELEPHONE,ROUTINE,BOOKED,2024-12-15,2024-12-16,12,2
198165,23066,PSEUDO_023066,GP_067,15,37,2024-12-27,2024-12-27,GP,F2F,ROUTINE,ATTENDED,2024-11-27,2024-12-01,30,3
199235,23189,PSEUDO_023189,GP_010,16,310,2024-12-27,2024-12-27,OP,F2F,ROUTINE,ATTENDED,2024-12-09,2024-12-11,18,10
204315,23737,PSEUDO_023737,GP_015,24,217,2024-12-27,2024-12-27,GP,VIDEO,URGENT,ATTENDED,2024-11-22,2024-11-29,35,3
211629,24575,PSEUDO_024575,GP_011,25,148,2024-12-27,2024-12-27,GP,F2F,ROUTINE,ATTENDED,2024-11-04,2024-11-10,53,1
211884,24616,PSEUDO_024616,GP_067,14,22,2024-12-27,2024-12-27,OP,F2F,ROUTINE,ATTENDED,2024-10-26,2024-10-28,62,1
212784,24718,PSEUDO_024718,GP_016,7,304,2024-12-27,2024-12-27,OP,F2F,ROUTINE,ATTENDED,2024-11-27,2024-12-02,30,2
215532,25035,PSEUDO_025035,GP_001,4,239,2024-12-27,2024-12-27,GP,F2F,ROUTINE,ATTENDED,2024-11-06,2024-11-09,51,9
215680,25054,PSEUDO_025054,GP_012,23,172,2024-12-27,2024-12-27,OP,F2F,URGENT,ATTENDED,2024-12-02,2024-12-08,25,1
219033,25442,PSEUDO_025442,GP_059,2,253,2024-12-27,2024-12-27,OP,F2F,ROUTINE,ATTENDED,2024-11-29,2024-12-02,28,2
219242,25468,PSEUDO_025468,GP_009,2,256,2024-12-27,2024-12-27,GP,F2F,ROUTINE,ATTENDED,2024-11-08,2024-11-10,49,3
220862,25652,PSEUDO_025652,GP_063,18,365,2024-12-27,2024-12-27,GP,TELEPHONE,URGENT,ATTENDED,2024-11-19,2024-11-19,38,2
221248,25701,PSEUDO_025701,GP_067,11,17,2024-12-27,2024-12-27,GP,TELEPHONE,ROUTINE,ATTENDED,2024-11-29,2024-12-06,28,2
221575,25744,PSEUDO_025744,GP_043,24,225,2024-12-27,2024-12-27,GP,F2F,ROUTINE,ATTENDED,2024-11-15,2024-11-17,42,2
223083,25919,PSEUDO_025919,GP_031,18,391,2024-12-27,2024-12-27,GP,F2F,ROUTINE,ATTENDED,2024-11-13,2024-11-15,44,3
225727,26246,PSEUDO_026246,GP_088,18,200,2024-12-27,2024-12-27,GP,F2F,ROUTINE,ATTENDED,2024-12-02,2024-12-02,25,1
226794,26374,PSEUDO_026374,GP_076,2,199,2024-12-27,2024-12-27,OP,F2F,ROUTINE,ATTENDED,2024-11-01,2024-11-05,56,3
226833,26378,PSEUDO_026378,GP_001,7,21,2024-12-27,2024-12-27,GP,F2F,URGENT,ATTENDED,2024-11-18,2024-11-22,39,10
229839,26729,PSEUDO_026729,GP_026,5,32,2024-12-27,2024-12-27,GP,TELEPHONE,ROUTINE,DNA,2024-11-04,2024-11-11,53,3
230603,26824,PSEUDO_026824,GP_097,15,306,2024-12-27,2024-12-27,GP,TELEPHONE,ROUTINE,CANCELLED,2024-10-10,2024-10-12,78,1
232428,27045,PSEUDO_027045,GP_092,10,142,2024-12-27,2024-12-27,GP,F2F,ROUTINE,ATTENDED,2024-11-26,2024-12-02,31,1
234353,27256,PSEUDO_027256,GP_030,1,177,2024-12-27,2024-12-27,GP,F2F,ROUTINE,ATTENDED,2024-10-30,2024-11-02,58,4
238296,27719,PSEUDO_027719,GP_080,9,183,2024-12-27,2024-12-27,GP,TELEPHONE,ROUTINE,ATTENDED,2024-12-12,2024-12-18,15,2
240141,27929,PSEUDO_027929,GP_099,14,247,2024-12-27,2024-12-27,GP,VIDEO,ROUTINE,ATTENDED,2024-11-06,2024-11-08,51,6
250534,29178,PSEUDO_029178,GP_036,5,37,2024-12-27,2024-12-27,GP,TELEPHONE,ROUTINE,ATTENDED,2024-11-26,2024-11-27,31,3
253237,29511,PSEUDO_029511,GP_025,16,394,2024-12-27,2024-12-27,OP,F2F,ROUTINE,ATTENDED,2024-10-13,2024-10-15,75,3
253301,29517,PSEUDO_029517,GP_074,5,224,2024-12-27,2024-12-27,GP,F2F,ROUTINE,ATTENDED,2024-11-07,2024-11-10,50,1
258352,30115,PSEUDO_030115,GP_038,19,235,2024-12-27,2024-12-27,GP,F2F,ROUTINE,ATTENDED,2024-12-10,2024-12-12,17,1
260172,30324,PSEUDO_030324,GP_091,6,168,2024-12-27,2024-12-27,GP,F2F,ROUTINE,ATTENDED,2024-11-07,2024-11-10,50,8
260862,30412,PSEUDO_030412,GP_014,13,230,2024-12-27,2024-12-27,GP,F2F,ROUTINE,ATTENDED,2024-10-30,2024-11-01,58,3
262370,30578,PSEUDO_030578,GP_040,2,196,2024-12-27,2024-12-27,GP,F2F,ROUTINE,ATTENDED,2024-11-14,2024-11-16,43,1
263745,30720,PSEUDO_030720,GP_006,16,280,2024-12-27,2024-12-27,GP,F2F,ROUTINE,ATTENDED,2024-10-26,2024-10-27,62,2
264038,30757,PSEUDO_030757,GP_036,2,359,2024-12-27,2024-12-27,OP,F2F,ROUTINE,ATTENDED,2024-11-16,2024-11-21,41,2
265046,30887,PSEUDO_030887,GP_027,19,82,2024-12-27,2024-12-27,GP,F2F,URGENT,DNA,2024-10-24,2024-10-29,64,3
265867,30979,PSEUDO_030979,GP_098,24,310,2024-12-27,2024-12-27,GP,F2F,URGENT,ATTENDED,2024-12-05,2024-12-10,22,1
267835,31204,PSEUDO_031204,GP_055,6,317,2024-12-27,2024-12-27,OP,F2F,ROUTINE,ATTENDED,2024-11-15,2024-11-18,42,2
268909,31337,PSEUDO_031337,GP_055,18,95,2024-12-27,2024-12-27,OP,F2F,ROUTINE,ATTENDED,2024-11-18,2024-11-24,39,10
270410,31502,PSEUDO_031502,GP_081,16,236,2024-12-27,2024-12-27,GP,F2F,ROUTINE,CANCELLED,2024-11-30,2024-12-01,27,8
270543,31518,PSEUDO_031518,GP_050,21,180,2024-12-27,2024-12-27,GP,F2F,ROUTINE,ATTENDED,2024-11-12,2024-11-12,45,4
270914,31553,PSEUDO_031553,GP_038,22,131,2024-12-27,2024-12-27,OP,F2F,ROUTINE,ATTENDED,2024-11-23,2024-11-25,34,6
273010,31781,PSEUDO_031781,GP_062,17,29,2024-12-27,2024-12-27,OP,VIDEO,ROUTINE,ATTENDED,2024-12-06,2024-12-06,21,1
273130,31797,PSEUDO_031797,GP_041,2,45,2024-12-27,2024-12-27,OP,F2F,ROUTINE,ATTENDED,2024-11-26,2024-12-03,31,3
273978,31893,PSEUDO_031893,GP_042,6,208,2024-12-27,2024-12-27,GP,F2F,ROUTINE,ATTENDED,2024-12-18,2024-12-18,9,4
276680,32243,PSEUDO_032243,GP_032,8,127,2024-12-27,2024-12-27,OP,F2F,ROUTINE,ATTENDED,2024-11-09,2024-11-16,48,7
278724,32482,PSEUDO_032482,GP_066,1,356,2024-12-27,2024-12-27,GP,F2F,ROUTINE,ATTENDED,2024-11-10,2024-11-15,47,5
280300,32682,PSEUDO_032682,GP_060,17,85,2024-12-27,2024-12-27,GP,F2F,ROUTINE,ATTENDED,2024-10-20,2024-10-27,68,3
286192,33370,PSEUDO_033370,GP_063,7,33,2024-12-27,2024-12-27,GP,F2F,ROUTINE,ATTENDED,2024-11-08,2024-11-13,49,6
287068,33458,PSEUDO_033458,GP_021,17,81,2024-12-27,2024-12-27,GP,TELEPHONE,ROUTINE,ATTENDED,2024-11-03,2024-11-07,54,2
289049,33679,PSEUDO_033679,GP_065,12,126,2024-12-27,2024-12-27,GP,TELEPHONE,URGENT,ATTENDED,2024-11-03,2024-11-10,54,9
290413,33846,PSEUDO_033846,GP_016,6,112,2024-12-27,2024-12-27,GP,F2F,URGENT,ATTENDED,2024-11-11,2024-11-12,46,4
290997,33917,PSEUDO_033917,GP_026,5,66,2024-12-27,2024-12-27,OP,F2F,ROUTINE,CANCELLED,2024-12-09,2024-12-15,18,4
294719,34347,PSEUDO_034347,GP_081,5,224,2024-12-27,2024-12-27,GP,F2F,URGENT,ATTENDED,2024-12-20,2024-12-22,7,7
295199,34414,PSEUDO_034414,GP_049,8,67,2024-12-27,2024-12-27,GP,F2F,ROUTINE,ATTENDED,2024-10-20,2024-10-26,68,1
295302,34425,PSEUDO_034425,GP_043,20,187,2024-12-27,2024-12-27,GP,F2F,ROUTINE,ATTENDED,2024-11-02,2024-11-02,55,2
296569,34569,PSEUDO_034569,GP_026,2,355,2024-12-27,2024-12-27,OP,F2F,URGENT,ATTENDED,2024-11-11,2024-11-13,46,5
298079,34760,PSEUDO_034760,GP_012,11,40,2024-12-27,2024-12-27,GP,VIDEO,ROUTINE,ATTENDED,2024-11-05,2024-11-05,52,1
305925,35677,PSEUDO_035677,GP_094,11,321,2024-12-27,2024-12-27,OP,F2F,ROUTINE,ATTENDED,2024-10-23,2024-10-30,65,3
306032,35695,PSEUDO_035695,GP_079,16,328,2024-12-27,2024-12-27,OP,F2F,ROUTINE,ATTENDED,2024-11-25,2024-11-29,32,8
306635,35763,PSEUDO_035763,GP_031,1,100,2024-12-27,2024-12-27,GP,TELEPHONE,ROUTINE,ATTENDED,2024-10-29,2024-11-04,59,1
306873,35788,PSEUDO_035788,GP_063,14,21,2024-12-27,2024-12-27,OP,TELEPHONE,ROUTINE,ATTENDED,2024-11-17,2024-11-17,40,1
311854,36373,PSEUDO_036373,GP_023,15,211,2024-12-27,2024-12-27,GP,F2F,ROUTINE,ATTENDED,2024-12-18,2024-12-18,9,8
313518,36568,PSEUDO_036568,GP_011,25,222,2024-12-27,2024-12-27,GP,F2F,ROUTINE,ATTENDED,2024-11-01,2024-11-02,56,8
313682,36585,PSEUDO_036585,GP_010,1,35,2024-12-27,2024-12-27,GP,F2F,ROUTINE,DNA,2024-11-27,2024-11-30,30,1
314749,36717,PSEUDO_036717,GP_032,23,368,2024-12-27,2024-12-27,GP,TELEPHONE,ROUTINE,ATTENDED,2024-10-20,2024-10-23,68,1
315001,36746,PSEUDO_036746,GP_081,10,40,2024-12-27,2024-12-27,GP,F2F,ROUTINE,ATTENDED,2024-12-14,2024-12-15,13,5
316564,36933,PSEUDO_036933,GP_019,24,126,2024-12-27,2024-12-27,OP,VIDEO,ROUTINE,ATTENDED,2024-11-30,2024-12-03,27,3
320009,37348,PSEUDO_037348,GP_086,4,325,2024-12-27,2024-12-27,OP,F2F,ROUTINE,DNA,2024-11-19,2024-11-23,38,5
320991,37456,PSEUDO_037456,GP_014,5,393,2024-12-27,2024-12-27,OP,TELEPHONE,ROUTINE,ATTENDED,2024-11-05,2024-11-05,52,2
322596,37622,PSEUDO_037622,GP_041,20,267,2024-12-27,2024-12-27,OP,TELEPHONE,URGENT,ATTENDED,2024-11-06,2024-11-08,51,3
323022,37668,PSEUDO_037668,GP_094,7,158,2024-12-27,2024-12-27,GP,F2F,ROUTINE,ATTENDED,2024-11-16,2024-11-22,41,10
323228,37695,PSEUDO_037695,GP_016,8,117,2024-12-27,2024-12-27,GP,F2F,ROUTINE,ATTENDED,2024-11-23,2024-11-30,34,1
323571,37737,PSEUDO_037737,GP_069,19,43,2024-12-27,2024-12-27,OP,TELEPHONE,ROUTINE,ATTENDED,2024-11-06,2024-11-13,51,1
325047,37909,PSEUDO_037909,GP_022,2,89,2024-12-27,2024-12-27,GP,F2F,ROUTINE,ATTENDED,2024-10-25,2024-10-29,63,1
326806,38107,PSEUDO_038107,GP_008,23,306,2024-12-27,2024-12-27,GP,F2F,ROUTINE,ATTENDED,2024-10-19,2024-10-21,69,1
327813,38217,PSEUDO_038217,GP_049,1,44,2024-12-27,2024-12-27,OP,TELEPHONE,ROUTINE,ATTENDED,2024-10-24,2024-10-29,64,3
330852,38588,PSEUDO_038588,GP_017,3,171,2024-12-27,2024-12-27,GP,F2F,ROUTINE,ATTENDED,2024-11-25,2024-11-27,32,1
331619,38681,PSEUDO_038681,GP_071,23,61,2024-12-27,2024-12-27,GP,TELEPHONE,ROUTINE,ATTENDED,2024-10-25,2024-10-27,63,3
333057,38856,PSEUDO_038856,GP_072,14,133,2024-12-27,2024-12-27,GP,TELEPHONE,ROUTINE,ATTENDED,2024-10-17,2024-10-24,71,3
333222,38873,PSEUDO_038873,GP_061,15,136,2024-12-27,2024-12-27,GP,F2F,ROUTINE,ATTENDED,2024-11-18,2024-11-20,39,7
333989,38962,PSEUDO_038962,GP_010,8,113,2024-12-27,2024-12-27,GP,F2F,URGENT,ATTENDED,2024-11-23,2024-11-29,34,8
334172,38981,PSEUDO_038981,GP_080,24,84,2024-12-27,2024-12-27,GP,F2F,ROUTINE,ATTENDED,2024-11-09,2024-11-13,48,3
336108,39205,PSEUDO_039205,GP_002,25,170,2024-12-27,2024-12-27,GP,TELEPHONE,URGENT,ATTENDED,2024-11-29,2024-12-01,28,2
336527,39257,PSEUDO_039257,GP_014,12,170,2024-12-27,2024-12-27,OP,F2F,ROUTINE,ATTENDED,2024-11-22,2024-11-28,35,10
339567,39605,PSEUDO_039605,GP_045,22,26,2024-12-27,2024-12-27,GP,F2F,ROUTINE,ATTENDED,2024-11-24,2024-11-26,33,5
344022,40116,PSEUDO_040116,GP_019,14,278,2024-12-27,2024-12-27,OP,F2F,ROUTINE,ATTENDED,2024-10-16,2024-10-17,72,1
344466,40155,PSEUDO_040155,GP_031,23,31,2024-12-27,2024-12-27,GP,F2F,ROUTINE,ATTENDED,2024-11-25,2024-11-28,32,3
347811,40526,PSEUDO_040526,GP_021,24,363,2024-12-27,2024-12-27,GP,F2F,ROUTINE,ATTENDED,2024-10-29,2024-11-04,59,4
348144,40571,PSEUDO_040571,GP_048,2,105,2024-12-27,2024-12-27,GP,F2F,ROUTINE,ATTENDED,2024-11-07,2024-11-14,50,8
348742,40654,PSEUDO_040654,GP_010,25,184,2024-12-27,2024-12-27,GP,F2F,ROUTINE,ATTENDED,2024-11-07,2024-11-10,50,2
351423,40975,PSEUDO_040975,GP_077,13,373,2024-12-27,2024-12-27,GP,F2F,ROUTINE,ATTENDED,2024-11-20,2024-11-22,37,3
352085,41050,PSEUDO_041050,GP_036,17,37,2024-12-27,2024-12-27,OP,F2F,ROUTINE,ATTENDED,2024-11-18,2024-11-22,39,1
352383,41089,PSEUDO_041089,GP_064,13,266,2024-12-27,2024-12-27,GP,TELEPHONE,ROUTINE,ATTENDED,2024-11-21,2024-11-21,36,8
353483,41227,PSEUDO_041227,GP_046,7,107,2024-12-27,2024-12-27,OP,TELEPHONE,ROUTINE,DNA,2024-11-30,2024-12-06,27,3
355802,41484,PSEUDO_041484,GP_001,1,314,2024-12-27,2024-12-27,GP,F2F,ROUTINE,ATTENDED,2024-11-26,2024-11-26,31,4
356926,41604,PSEUDO_041604,GP_065,21,292,2024-12-27,2024-12-27,GP,TELEPHONE,ROUTINE,CANCELLED,2024-12-05,2024-12-12,22,7
358096,41750,PSEUDO_041750,GP_091,9,218,2024-12-27,2024-12-27,OP,TELEPHONE,URGENT,ATTENDED,2024-11-04,2024-11-09,53,3
358933,41837,PSEUDO_041837,GP_029,24,336,2024-12-27,2024-12-27,GP,F2F,ROUTINE,ATTENDED,2024-10-24,2024-10-25,64,2
360709,42048,PSEUDO_042048,GP_027,8,184,2024-12-27,2024-12-27,OP,TELEPHONE,ROUTINE,ATTENDED,2024-11-17,2024-11-20,40,8
361047,42090,PSEUDO_042090,GP_066,1,274,2024-12-27,2024-12-27,GP,F2F,ROUTINE,ATTENDED,2024-11-04,2024-11-08,53,2
362197,42206,PSEUDO_042206,GP_007,24,148,2024-12-27,2024-12-27,GP,F2F,ROUTINE,ATTENDED,2024-11-26,2024-11-27,31,7
362895,42284,PSEUDO_042284,GP_009,7,125,2024-12-27,2024-12-27,OP,F2F,ROUTINE,ATTENDED,2024-11-25,2024-11-27,32,1
363939,42408,PSEUDO_042408,GP_053,14,6,2024-12-27,2024-12-27,GP,F2F,ROUTINE,ATTENDED,2024-12-16,2024-12-21,11,4
366063,42648,PSEUDO_042648,GP_008,17,393,2024-12-27,2024-12-27,GP,F2F,ROUTINE,ATTENDED,2024-10-20,2024-10-24,68,1
368554,42949,PSEUDO_042949,GP_065,16,213,2024-12-27,2024-12-27,OP,F2F,ROUTINE,ATTENDED,2024-12-14,2024-12-15,13,4
369268,43047,PSEUDO_043047,GP_031,2,332,2024-12-27,2024-12-27,OP,F2F,ROUTINE,ATTENDED,2024-12-10,2024-12-13,17,10
372440,43403,PSEUDO_043403,GP_042,12,369,2024-12-27,2024-12-27,OP,F2F,URGENT,ATTENDED,2024-11-13,2024-11-15,44,3
372508,43410,PSEUDO_043410,GP_005,15,39,2024-12-27,2024-12-27,GP,F2F,ROUTINE,ATTENDED,2024-11-26,2024-12-01,31,4
373421,43513,PSEUDO_043513,GP_033,8,322,2024-12-27,2024-12-27,GP,F2F,ROUTINE,DNA,2024-12-13,2024-12-13,14,4
375859,43810,PSEUDO_043810,GP_078,11,286,2024-12-27,2024-12-27,GP,F2F,ROUTINE,ATTENDED,2024-10-27,2024-10-31,61,2
376457,43886,PSEUDO_043886,GP_042,23,89,2024-12-27,2024-12-27,GP,TELEPHONE,URGENT,ATTENDED,2024-12-12,2024-12-12,15,6
380277,44338,PSEUDO_044338,GP_096,2,258,2024-12-27,2024-12-27,GP,F2F,ROUTINE,ATTENDED,2024-12-20,2024-12-27,7,8
382088,44552,PSEUDO_044552,GP_086,1,343,2024-12-27,2024-12-27,GP,F2F,ROUTINE,ATTENDED,2024-12-12,2024-12-15,15,8
387836,45207,PSEUDO_045207,GP_046,8,138,2024-12-27,2024-12-27,GP,F2F,ROUTINE,ATTENDED,2024-11-21,2024-11-26,36,2
391636,45660,PSEUDO_045660,GP_091,21,217,2024-12-27,2024-12-27,GP,F2F,ROUTINE,ATTENDED,2024-12-10,2024-12-16,17,2
392964,45818,PSEUDO_045818,GP_087,15,227,2024-12-27,2024-12-27,GP,TELEPHONE,ROUTINE,ATTENDED,2024-12-06,2024-12-09,21,1
396003,46179,PSEUDO_046179,GP_063,13,66,2024-12-27,2024-12-27,GP,TELEPHONE,ROUTINE,ATTENDED,2024-10-24,2024-10-27,64,1
399902,46653,PSEUDO_046653,GP_083,5,67,2024-12-27,2024-12-27,GP,F2F,URGENT,ATTENDED,2024-11-13,2024-11-14,44,7
401654,46859,PSEUDO_046859,GP_047,21,308,2024-12-27,2024-12-27,OP,F2F,ROUTINE,ATTENDED,2024-11-17,2024-11-22,40,2
401674,46861,PSEUDO_046861,GP_028,10,383,2024-12-27,2024-12-27,OP,F2F,ROUTINE,DNA,2024-11-07,2024-11-14,50,8
407843,47564,PSEUDO_047564,GP_083,4,67,2024-12-27,2024-12-27,GP,TELEPHONE,URGENT,ATTENDED,2024-11-25,2024-11-30,32,2
408793,47663,PSEUDO_047663,GP_036,10,230,2024-12-27,2024-12-27,OP,TELEPHONE,ROUTINE,ATTENDED,2024-11-10,2024-11-13,47,5
409503,47736,PSEUDO_047736,GP_063,17,28,2024-12-27,2024-12-27,OP,F2F,ROUTINE,CANCELLED,2024-11-16,2024-11-18,41,7
409606,47749,PSEUDO_047749,GP_085,2,26,2024-12-27,2024-12-27,OP,F2F,URGENT,ATTENDED,2024-12-18,2024-12-21,9,7
409631,47751,PSEUDO_047751,GP_081,20,78,2024-12-27,2024-12-27,OP,F2F,ROUTINE,ATTENDED,2024-10-26,2024-10-28,62,2
410103,47804,PSEUDO_047804,GP_053,16,280,2024-12-27,2024-12-27,OP,F2F,ROUTINE,ATTENDED,2024-11-15,2024-11-22,42,2
410458,47840,PSEUDO_047840,GP_012,25,327,2024-12-27,2024-12-27,GP,TELEPHONE,ROUTINE,BOOKED,2024-11-06,2024-11-11,51,3
410529,47843,PSEUDO_047843,GP_013,25,367,2024-12-27,2024-12-27,GP,TELEPHONE,ROUTINE,ATTENDED,2024-12-11,2024-12-11,16,10
411730,47979,PSEUDO_047979,GP_098,11,323,2024-12-27,2024-12-27,OP,F2F,URGENT,ATTENDED,2024-11-09,2024-11-15,48,1
411814,47989,PSEUDO_047989,GP_003,13,148,2024-12-27,2024-12-27,OP,F2F,URGENT,ATTENDED,2024-11-11,2024-11-16,46,4
412820,48111,PSEUDO_048111,GP_016,17,10,2024-12-27,2024-12-27,OP,F2F,ROUTINE,ATTENDED,2024-11-30,2024-11-30,27,4
413273,48166,PSEUDO_048166,GP_057,21,6,2024-12-27,2024-12-27,GP,F2F,URGENT,ATTENDED,2024-12-06,2024-12-10,21,2
414548,48322,PSEUDO_048322,GP_061,19,337,2024-12-27,2024-12-27,GP,F2F,ROUTINE,ATTENDED,2024-10-11,2024-10-13,77,2
415023,48367,PSEUDO_048367,GP_063,22,388,2024-12-27,2024-12-27,OP,F2F,ROUTINE,ATTENDED,2024-11-27,2024-12-03,30,4
419916,48941,PSEUDO_048941,GP_070,25,273,2024-12-27,2024-12-27,OP,F2F,ROUTINE,ATTENDED,2024-11-10,2024-11-11,47,3
420084,48963,PSEUDO_048963,GP_034,4,27,2024-12-27,2024-12-27,OP,F2F,URGENT,ATTENDED,2024-11-16,2024-11-18,41,2
423736,49403,PSEUDO_049403,GP_091,11,21,2024-12-27,2024-12-27,GP,F2F,ROUTINE,ATTENDED,2024-11-04,2024-11-04,53,1
431158,50287,PSEUDO_050287,GP_026,7,102,2024-12-27,2024-12-27,GP,F2F,ROUTINE,ATTENDED,2024-11-19,2024-11-19,38,3
432373,50442,PSEUDO_050442,GP_064,13,147,2024-12-27,2024-12-27,GP,F2F,ROUTINE,ATTENDED,2024-11-26,2024-11-27,31,3
435241,50753,PSEUDO_050753,GP_095,14,379,2024-12-27,2024-12-27,GP,F2F,ROUTINE,ATTENDED,2024-10-23,2024-10-26,65,1
435285,50759,PSEUDO_050759,GP_088,20,13,2024-12-27,2024-12-27,GP,F2F,ROUTINE,ATTENDED,2024-11-11,2024-11-18,46,2
435595,50790,PSEUDO_050790,GP_059,5,183,2024-12-27,2024-12-27,GP,TELEPHONE,ROUTINE,CANCELLED,2024-12-02,2024-12-07,25,9
440133,51337,PSEUDO_051337,GP_083,19,28,2024-12-27,2024-12-27,GP,F2F,ROUTINE,DNA,2024-10-25,2024-10-27,63,1
440375,51362,PSEUDO_051362,GP_065,22,93,2024-12-27,2024-12-27,GP,F2F,ROUTINE,CANCELLED,2024-12-01,2024-12-04,26,5
444216,51784,PSEUDO_051784,GP_032,6,74,2024-12-27,2024-12-27,GP,TELEPHONE,ROUTINE,DNA,2024-12-04,2024-12-06,23,7
445220,51903,PSEUDO_051903,GP_047,12,115,2024-12-27,2024-12-27,GP,F2F,ROUTINE,ATTENDED,2024-11-08,2024-11-09,49,2
445688,51952,PSEUDO_051952,GP_054,18,153,2024-12-27,2024-12-27,OP,F2F,ROUTINE,ATTENDED,2024-11-23,2024-11-30,34,3
445748,51962,PSEUDO_051962,GP_035,11,200,2024-12-27,2024-12-27,GP,F2F,ROUTINE,ATTENDED,2024-12-01,2024-12-08,26,4
447034,52131,PSEUDO_052131,GP_029,25,221,2024-12-27,2024-12-27,GP,F2F,ROUTINE,ATTENDED,2024-11-30,2024-12-06,27,6
448613,52332,PSEUDO_052332,GP_006,16,334,2024-12-27,2024-12-27,GP,TELEPHONE,ROUTINE,ATTENDED,2024-11-13,2024-11-18,44,1
448747,52345,PSEUDO_052345,GP_088,4,45,2024-12-27,2024-12-27,OP,F2F,ROUTINE,DNA,2024-12-07,2024-12-09,20,3
449933,52462,PSEUDO_052462,GP_042,7,273,2024-12-27,2024-12-27,GP,F2F,ROUTINE,ATTENDED,2024-10-30,2024-11-03,58,1
450830,52578,PSEUDO_052578,GP_013,13,27,2024-12-27,2024-12-27,OP,F2F,URGENT,ATTENDED,2024-11-16,2024-11-18,41,2
451166,52613,PSEUDO_052613,GP_025,11,93,2024-12-27,2024-12-27,GP,F2F,URGENT,ATTENDED,2024-11-26,2024-11-30,31,1
451787,52678,PSEUDO_052678,GP_066,25,84,2024-12-27,2024-12-27,GP,TELEPHONE,ROUTINE,ATTENDED,2024-11-04,2024-11-09,53,7
451932,52693,PSEUDO_052693,GP_038,16,356,2024-12-27,2024-12-27,GP,F2F,ROUTINE,ATTENDED,2024-11-29,2024-12-02,28,3
454524,52996,PSEUDO_052996,GP_021,15,228,2024-12-27,2024-12-27,OP,F2F,ROUTINE,ATTENDED,2024-12-02,2024-12-08,25,3
454674,53016,PSEUDO_053016,GP_040,25,5,2024-12-27,2024-12-27,GP,F2F,ROUTINE,ATTENDED,2024-12-19,2024-12-22,8,8
456121,53182,PSEUDO_053182,GP_017,10,330,2024-12-27,2024-12-27,OP,F2F,ROUTINE,ATTENDED,2024-11-21,2024-11-26,36,5
460703,53707,PSEUDO_053707,GP_055,18,390,2024-12-27,2024-12-27,OP,F2F,ROUTINE,ATTENDED,2024-11-23,2024-11-24,34,9
460912,53730,PSEUDO_053730,GP_060,25,115,2024-12-27,2024-12-27,OP,F2F,ROUTINE,ATTENDED,2024-12-04,2024-12-08,23,5
465466,54254,PSEUDO_054254,GP_030,21,207,2024-12-27,2024-12-27,OP,F2F,ROUTINE,ATTENDED,2024-10-19,2024-10-25,69,3
465963,54312,PSEUDO_054312,GP_100,8,134,2024-12-27,2024-12-27,GP,F2F,ROUTINE,ATTENDED,2024-12-13,2024-12-19,14,4
473116,55165,PSEUDO_055165,GP_087,16,207,2024-12-27,2024-12-27,GP,F2F,ROUTINE,ATTENDED,2024-12-08,2024-12-09,19,6
474298,55303,PSEUDO_055303,GP_086,10,352,2024-12-27,2024-12-27,GP,F2F,ROUTINE,ATTENDED,2024-10-22,2024-10-23,66,1
476357,55527,PSEUDO_055527,GP_024,11,385,2024-12-27,2024-12-27,GP,TELEPHONE,ROUTINE,ATTENDED,2024-11-21,2024-11-28,36,9
477165,55614,PSEUDO_055614,GP_069,19,346,2024-12-27,2024-12-27,GP,VIDEO,ROUTINE,CANCELLED,2024-10-23,2024-10-29,65,2
477385,55644,PSEUDO_055644,GP_078,14,278,2024-12-27,2024-12-27,GP,TELEPHONE,ROUTINE,ATTENDED,2024-12-14,2024-12-20,13,5
478760,55792,PSEUDO_055792,GP_055,4,53,2024-12-27,2024-12-27,OP,F2F,ROUTINE,ATTENDED,2024-10-18,2024-10-21,70,3
479811,55928,PSEUDO_055928,GP_033,12,352,2024-12-27,2024-12-27,GP,F2F,ROUTINE,ATTENDED,2024-11-18,2024-11-23,39,5
480525,56018,PSEUDO_056018,GP_065,20,78,2024-12-27,2024-12-27,GP,F2F,URGENT,ATTENDED,2024-11-02,2024-11-04,55,3
481917,56179,PSEUDO_056179,GP_047,20,72,2024-12-27,2024-12-27,GP,F2F,ROUTINE,ATTENDED,2024-10-23,2024-10-23,65,3
482624,56263,PSEUDO_056263,GP_039,10,196,2024-12-27,2024-12-27,GP,TELEPHONE,URGENT,ATTENDED,2024-11-26,2024-11-30,31,2
487462,56811,PSEUDO_056811,GP_083,14,23,2024-12-27,2024-12-27,GP,TELEPHONE,ROUTINE,ATTENDED,2024-11-29,2024-12-03,28,9
491640,57295,PSEUDO_057295,GP_073,25,68,2024-12-27,2024-12-27,GP,TELEPHONE,ROUTINE,ATTENDED,2024-11-04,2024-11-04,53,9
495854,57799,PSEUDO_057799,GP_022,6,80,2024-12-27,2024-12-27,GP,F2F,ROUTINE,ATTENDED,2024-10-17,2024-10-18,71,1
501671,58533,PSEUDO_058533,GP_096,4,155,2024-12-27,2024-12-27,GP,TELEPHONE,ROUTINE,ATTENDED,2024-11-14,2024-11-18,43,2
501723,58537,PSEUDO_058537,GP_055,25,278,2024-12-27,2024-12-27,OP,F2F,URGENT,ATTENDED,2024-12-18,2024-12-24,9,6
501916,58562,PSEUDO_058562,GP_007,10,36,2024-12-27,2024-12-27,GP,F2F,ROUTINE,ATTENDED,2024-11-02,2024-11-02,55,1
503249,58719,PSEUDO_058719,GP_065,20,54,2024-12-27,2024-12-27,GP,F2F,ROUTINE,ATTENDED,2024-11-08,2024-11-12,49,1
504161,58816,PSEUDO_058816,GP_026,15,247,2024-12-27,2024-12-27,GP,F2F,ROUTINE,ATTENDED,2024-12-01,2024-12-07,26,3
506871,59141,PSEUDO_059141,GP_037,7,42,2024-12-27,2024-12-27,GP,F2F,ROUTINE,CANCELLED,2024-11-03,2024-11-06,54,3
511145,59618,PSEUDO_059618,GP_050,4,289,2024-12-27,2024-12-27,GP,F2F,ROUTINE,ATTENDED,2024-11-12,2024-11-19,45,7
512305,59767,PSEUDO_059767,GP_053,23,19,2024-12-27,2024-12-27,GP,F2F,ROUTINE,ATTENDED,2024-11-02,2024-11-02,55,6
512894,59849,PSEUDO_059849,GP_045,3,97,2024-12-27,2024-12-27,GP,F2F,URGENT,ATTENDED,2024-10-15,2024-10-16,73,3
514239,59994,PSEUDO_059994,GP_046,19,212,2024-12-27,2024-12-27,GP,TELEPHONE,ROUTINE,ATTENDED,2024-11-24,2024-11-25,33,8
515121,60108,PSEUDO_060108,GP_086,4,291,2024-12-27,2024-12-27,GP,TELEPHONE,ROUTINE,ATTENDED,2024-10-31,2024-11-05,57,1
516175,60235,PSEUDO_060235,GP_084,8,106,2024-12-27,2024-12-27,OP,TELEPHONE,ROUTINE,DNA,2024-10-19,2024-10-23,69,2
519176,60624,PSEUDO_060624,GP_041,3,124,2024-12-27,2024-12-27,GP,F2F,ROUTINE,ATTENDED,2024-11-18,2024-11-24,39,1
520470,60785,PSEUDO_060785,GP_010,4,350,2024-12-27,2024-12-27,GP,F2F,ROUTINE,ATTENDED,2024-11-12,2024-11-13,45,1
523580,61140,PSEUDO_061140,GP_012,10,131,2024-12-27,2024-12-27,GP,TELEPHONE,ROUTINE,ATTENDED,2024-11-22,2024-11-29,35,3
523762,61154,PSEUDO_061154,GP_022,23,362,2024-12-27,2024-12-27,GP,F2F,ROUTINE,ATTENDED,2024-10-30,2024-11-03,58,3
525017,61296,PSEUDO_061296,GP_065,18,154,2024-12-27,2024-12-27,GP,F2F,ROUTINE,DNA,2024-11-06,2024-11-07,51,10
527659,61615,PSEUDO_061615,GP_015,3,303,2024-12-27,2024-12-27,OP,TELEPHONE,ROUTINE,ATTENDED,2024-12-07,2024-12-09,20,9
527774,61627,PSEUDO_061627,GP_058,5,245,2024-12-27,2024-12-27,GP,F2F,URGENT,ATTENDED,2024-11-13,2024-11-20,44,3
527863,61635,PSEUDO_061635,GP_020,18,338,2024-12-27,2024-12-27,OP,F2F,URGENT,ATTENDED,2024-11-19,2024-11-22,38,5
528355,61689,PSEUDO_061689,GP_010,24,232,2024-12-27,2024-12-27,GP,F2F,ROUTINE,ATTENDED,2024-12-04,2024-12-11,23,9
534996,62477,PSEUDO_062477,GP_039,17,384,2024-12-27,2024-12-27,GP,F2F,URGENT,ATTENDED,2024-11-18,2024-11-20,39,1
535313,62509,PSEUDO_062509,GP_061,19,189,2024-12-27,2024-12-27,GP,TELEPHONE,ROUTINE,ATTENDED,2024-11-13,2024-11-19,44,5
536415,62631,PSEUDO_062631,GP_032,23,87,2024-12-27,2024-12-27,GP,VIDEO,ROUTINE,ATTENDED,2024-10-28,2024-11-03,60,3
538311,62856,PSEUDO_062856,GP_017,18,171,2024-12-27,2024-12-27,OP,F2F,ROUTINE,ATTENDED,2024-10-29,2024-10-31,59,2
539651,63006,PSEUDO_063006,GP_001,10,76,2024-12-27,2024-12-27,GP,F2F,ROUTINE,ATTENDED,2024-11-20,2024-11-26,37,9
540049,63061,PSEUDO_063061,GP_077,13,349,2024-12-27,2024-12-27,GP,F2F,ROUTINE,ATTENDED,2024-12-11,2024-12-13,16,7
541056,63186,PSEUDO_063186,GP_036,1,326,2024-12-27,2024-12-27,GP,F2F,ROUTINE,ATTENDED,2024-12-03,2024-12-07,24,6
541125,63197,PSEUDO_063197,GP_092,12,392,2024-12-27,2024-12-27,GP,F2F,ROUTINE,DNA,2024-11-29,2024-12-03,28,1
545700,63735,PSEUDO_063735,GP_006,24,337,2024-12-27,2024-12-27,OP,F2F,URGENT,ATTENDED,2024-11-01,2024-11-05,56,2
546725,63867,PSEUDO_063867,GP_059,14,46,2024-12-27,2024-12-27,OP,F2F,ROUTINE,DNA,2024-11-17,2024-11-17,40,1
547924,63998,PSEUDO_063998,GP_088,2,183,2024-12-27,2024-12-27,GP,F2F,ROUTINE,ATTENDED,2024-10-15,2024-10-16,73,3
548654,64086,PSEUDO_064086,GP_083,1,62,2024-12-27,2024-12-27,GP,F2F,ROUTINE,ATTENDED,2024-11-17,2024-11-19,40,2
548834,64110,PSEUDO_064110,GP_059,6,316,2024-12-27,2024-12-27,GP,TELEPHONE,ROUTINE,ATTENDED,2024-11-29,2024-12-05,28,2
550582,64298,PSEUDO_064298,GP_005,14,233,2024-12-27,2024-12-27,GP,TELEPHONE,ROUTINE,ATTENDED,2024-10-27,2024-10-27,61,2
554301,64701,PSEUDO_064701,GP_056,19,161,2024-12-27,2024-12-27,GP,F2F,ROUTINE,ATTENDED,2024-10-16,2024-10-17,72,1
554718,64751,PSEUDO_064751,GP_079,23,135,2024-12-27,2024-12-27,GP,F2F,ROUTINE,ATTENDED,2024-10-26,2024-10-31,62,1
557195,65025,PSEUDO_065025,GP_046,21,53,2024-12-27,2024-12-27,OP,F2F,ROUTINE,DNA,2024-11-08,2024-11-13,49,5
557874,65117,PSEUDO_065117,GP_045,5,362,2024-12-27,2024-12-27,GP,TELEPHONE,ROUTINE,ATTENDED,2024-11-19,2024-11-25,38,4
560740,65446,PSEUDO_065446,GP_080,10,303,2024-12-27,2024-12-27,GP,F2F,ROUTINE,ATTENDED,2024-11-30,2024-12-02,27,10
560943,65472,PSEUDO_065472,GP_007,2,334,2024-12-27,2024-12-27,OP,TELEPHONE,ROUTINE,ATTENDED,2024-10-28,2024-10-30,60,5
561207,65496,PSEUDO_065496,GP_014,16,275,2024-12-27,2024-12-27,OP,F2F,ROUTINE,ATTENDED,2024-11-20,2024-11-25,37,3
562389,65626,PSEUDO_065626,GP_045,8,66,2024-12-27,2024-12-27,GP,F2F,ROUTINE,ATTENDED,2024-11-21,2024-11-22,36,3
565250,65987,PSEUDO_065987,GP_058,8,7,2024-12-27,2024-12-27,GP,F2F,ROUTINE,ATTENDED,2024-12-16,2024-12-19,11,4
567142,66204,PSEUDO_066204,GP_031,6,319,2024-12-27,2024-12-27,GP,TELEPHONE,ROUTINE,ATTENDED,2024-10-15,2024-10-19,73,3
567348,66228,PSEUDO_066228,GP_048,3,353,2024-12-27,2024-12-27,OP,TELEPHONE,ROUTINE,ATTENDED,2024-11-29,2024-12-04,28,7
568917,66407,PSEUDO_066407,GP_077,16,159,2024-12-27,2024-12-27,GP,F2F,ROUTINE,ATTENDED,2024-12-01,2024-12-07,26,8
570462,66591,PSEUDO_066591,GP_037,2,260,2024-12-27,2024-12-27,OP,F2F,ROUTINE,ATTENDED,2024-11-25,2024-11-26,32,7
570848,66631,PSEUDO_066631,GP_052,3,265,2024-12-27,2024-12-27,OP,F2F,ROUTINE,ATTENDED,2024-12-18,2024-12-25,9,7
573912,66982,PSEUDO_066982,GP_042,12,257,2024-12-27,2024-12-27,GP,TELEPHONE,ROUTINE,ATTENDED,2024-10-15,2024-10-16,73,3
577090,67344,PSEUDO_067344,GP_030,25,38,2024-12-27,2024-12-27,GP,F2F,ROUTINE,CANCELLED,2024-11-20,2024-11-23,37,10
581875,67896,PSEUDO_067896,GP_001,9,224,2024-12-27,2024-12-27,GP,F2F,ROUTINE,ATTENDED,2024-11-28,2024-12-03,29,1
583464,68088,PSEUDO_068088,GP_039,8,297,2024-12-27,2024-12-27,GP,F2F,ROUTINE,ATTENDED,2024-12-15,2024-12-17,12,5
584188,68173,PSEUDO_068173,GP_062,9,278,2024-12-27,2024-12-27,OP,VIDEO,ROUTINE,ATTENDED,2024-11-14,2024-11-17,43,8
585814,68363,PSEUDO_068363,GP_077,18,179,2024-12-27,2024-12-27,GP,F2F,ROUTINE,ATTENDED,2024-12-05,2024-12-09,22,5
587374,68530,PSEUDO_068530,GP_064,12,252,2024-12-27,2024-12-27,GP,F2F,ROUTINE,ATTENDED,2024-11-23,2024-11-27,34,2
587809,68577,PSEUDO_068577,GP_085,21,5,2024-12-27,2024-12-27,GP,F2F,ROUTINE,DNA,2024-10-24,2024-10-26,64,1
588304,68641,PSEUDO_068641,GP_028,17,46,2024-12-27,2024-12-27,GP,TELEPHONE,URGENT,CANCELLED,2024-11-11,2024-11-17,46,9
591174,68943,PSEUDO_068943,GP_002,23,288,2024-12-27,2024-12-27,GP,F2F,ROUTINE,ATTENDED,2024-11-12,2024-11-18,45,1
591379,68973,PSEUDO_068973,GP_034,24,57,2024-12-27,2024-12-27,OP,F2F,ROUTINE,ATTENDED,2024-11-01,2024-11-01,56,3
595412,69431,PSEUDO_069431,GP_052,14,15,2024-12-27,2024-12-27,OP,F2F,ROUTINE,ATTENDED,2024-10-13,2024-10-17,75,1
596483,69544,PSEUDO_069544,GP_023,3,318,2024-12-27,2024-12-27,OP,TELEPHONE,ROUTINE,ATTENDED,2024-12-04,2024-12-08,23,7
597516,69662,PSEUDO_069662,GP_074,21,39,2024-12-27,2024-12-27,GP,F2F,ROUTINE,ATTENDED,2024-10-23,2024-10-29,65,2
600192,69951,PSEUDO_069951,GP_033,23,9,2024-12-27,2024-12-27,OP,F2F,ROUTINE,ATTENDED,2024-11-14,2024-11-21,43,1
603089,70297,PSEUDO_070297,GP_097,23,29,2024-12-27,2024-12-27,GP,F2F,ROUTINE,ATTENDED,2024-10-29,2024-11-02,59,2
603331,70324,PSEUDO_070324,GP_098,20,353,2024-12-27,2024-12-27,GP,F2F,URGENT,DNA,2024-11-11,2024-11-16,46,8
605183,70560,PSEUDO_070560,GP_018,17,179,2024-12-27,2024-12-27,GP,F2F,URGENT,ATTENDED,2024-11-18,2024-11-21,39,7
606704,70744,PSEUDO_070744,GP_021,22,341,2024-12-27,2024-12-27,GP,F2F,ROUTINE,ATTENDED,2024-12-05,2024-12-07,22,1
609109,71030,PSEUDO_071030,GP_055,23,7,2024-12-27,2024-12-27,GP,F2F,ROUTINE,ATTENDED,2024-10-24,2024-10-30,64,2
609832,71113,PSEUDO_071113,GP_022,6,194,2024-12-27,2024-12-27,GP,F2F,URGENT,ATTENDED,2024-12-03,2024-12-07,24,3
612737,71451,PSEUDO_071451,GP_040,1,125,2024-12-27,2024-12-27,OP,F2F,ROUTINE,DNA,2024-12-18,2024-12-18,9,4
614608,71652,PSEUDO_071652,GP_027,1,87,2024-12-27,2024-12-27,OP,F2F,ROUTINE,ATTENDED,2024-10-31,2024-10-31,57,3
616589,71872,PSEUDO_071872,GP_033,23,32,2024-12-27,2024-12-27,GP,F2F,ROUTINE,DNA,2024-11-15,2024-11-16,42,3
616977,71915,PSEUDO_071915,GP_038,16,48,2024-12-27,2024-12-27,GP,F2F,ROUTINE,DNA,2024-12-01,2024-12-07,26,4
617437,71971,PSEUDO_071971,GP_057,7,331,2024-12-27,2024-12-27,GP,TELEPHONE,URGENT,ATTENDED,2024-12-18,2024-12-24,9,5
617502,71979,PSEUDO_071979,GP_020,24,141,2024-12-27,2024-12-27,OP,F2F,ROUTINE,ATTENDED,2024-12-19,2024-12-23,8,6
617876,72019,PSEUDO_072019,GP_014,23,228,2024-12-27,2024-12-27,GP,TELEPHONE,ROUTINE,DNA,2024-11-01,2024-11-02,56,1
620692,72332,PSEUDO_072332,GP_002,5,22,2024-12-27,2024-12-27,OP,F2F,ROUTINE,ATTENDED,2024-11-28,2024-12-05,29,1
620746,72342,PSEUDO_072342,GP_022,5,47,2024-12-27,2024-12-27,GP,F2F,ROUTINE,ATTENDED,2024-11-09,2024-11-15,48,6
624729,72798,PSEUDO_072798,GP_030,23,207,2024-12-27,2024-12-27,OP,F2F,ROUTINE,ATTENDED,2024-12-07,2024-12-09,20,4
626762,73033,PSEUDO_073033,GP_099,22,81,2024-12-27,2024-12-27,OP,F2F,ROUTINE,ATTENDED,2024-12-09,2024-12-10,18,8
626896,73044,PSEUDO_073044,GP_048,17,202,2024-12-27,2024-12-27,OP,F2F,ROUTINE,CANCELLED,2024-11-07,2024-11-12,50,4
627130,73073,PSEUDO_073073,GP_057,5,41,2024-12-27,2024-12-27,OP,TELEPHONE,ROUTINE,ATTENDED,2024-11-09,2024-11-12,48,7
628952,73260,PSEUDO_073260,GP_070,7,84,2024-12-27,2024-12-27,GP,TELEPHONE,ROUTINE,ATTENDED,2024-12-08,2024-12-09,19,4
631915,73607,PSEUDO_073607,GP_046,12,299,2024-12-27,2024-12-27,GP,VIDEO,ROUTINE,ATTENDED,2024-10-31,2024-11-02,57,9
632996,73738,PSEUDO_073738,GP_059,23,235,2024-12-27,2024-12-27,GP,F2F,ROUTINE,ATTENDED,2024-11-16,2024-11-20,41,2
633347,73780,PSEUDO_073780,GP_061,22,303,2024-12-27,2024-12-27,OP,F2F,ROUTINE,ATTENDED,2024-10-27,2024-10-31,61,3
633958,73852,PSEUDO_073852,GP_022,8,46,2024-12-27,2024-12-27,GP,F2F,ROUTINE,ATTENDED,2024-11-04,2024-11-09,53,1
634089,73870,PSEUDO_073870,GP_005,4,317,2024-12-27,2024-12-27,OP,F2F,ROUTINE,ATTENDED,2024-11-26,2024-12-02,31,7
634152,73876,PSEUDO_073876,GP_076,1,258,2024-12-27,2024-12-27,GP,F2F,ROUTINE,ATTENDED,2024-12-08,2024-12-12,19,6
634908,73976,PSEUDO_073976,GP_085,19,14,2024-12-27,2024-12-27,GP,TELEPHONE,ROUTINE,DNA,2024-11-06,2024-11-13,51,3
636178,74124,PSEUDO_074124,GP_006,5,114,2024-12-27,2024-12-27,GP,TELEPHONE,ROUTINE,ATTENDED,2024-12-09,2024-12-12,18,7
636656,74176,PSEUDO_074176,GP_073,18,235,2024-12-27,2024-12-27,GP,F2F,ROUTINE,ATTENDED,2024-12-06,2024-12-10,21,7
640432,74614,PSEUDO_074614,GP_030,20,155,2024-12-27,2024-12-27,OP,F2F,ROUTINE,DNA,2024-12-05,2024-12-10,22,4
640807,74667,PSEUDO_074667,GP_030,9,3,2024-12-27,2024-12-27,OP,F2F,ROUTINE,CANCELLED,2024-12-05,2024-12-05,22,6
643428,74956,PSEUDO_074956,GP_080,12,296,2024-12-27,2024-12-27,GP,F2F,ROUTINE,ATTENDED,2024-12-17,2024-12-22,10,6
645673,75203,PSEUDO_075203,GP_067,15,122,2024-12-27,2024-12-27,GP,F2F,ROUTINE,ATTENDED,2024-11-08,2024-11-12,49,6
646047,75246,PSEUDO_075246,GP_092,6,73,2024-12-27,2024-12-27,OP,F2F,ROUTINE,ATTENDED,2024-12-14,2024-12-14,13,4
647821,75456,PSEUDO_075456,GP_070,6,316,2024-12-27,2024-12-27,OP,F2F,URGENT,ATTENDED,2024-11-22,2024-11-23,35,1
649119,75611,PSEUDO_075611,GP_100,24,31,2024-12-27,2024-12-27,GP,F2F,ROUTINE,ATTENDED,2024-11-03,2024-11-03,54,2
649497,75651,PSEUDO_075651,GP_098,1,192,2024-12-27,2024-12-27,GP,F2F,ROUTINE,ATTENDED,2024-12-10,2024-12-13,17,7
655157,76352,PSEUDO_076352,GP_003,24,180,2024-12-27,2024-12-27,GP,F2F,ROUTINE,ATTENDED,2024-12-08,2024-12-08,19,1
655574,76404,PSEUDO_076404,GP_088,23,102,2024-12-27,2024-12-27,GP,F2F,ROUTINE,ATTENDED,2024-10-30,2024-11-05,58,6
655812,76431,PSEUDO_076431,GP_001,10,265,2024-12-27,2024-12-27,OP,TELEPHONE,URGENT,ATTENDED,2024-11-16,2024-11-17,41,1
657811,76661,PSEUDO_076661,GP_017,22,298,2024-12-27,2024-12-27,OP,VIDEO,ROUTINE,ATTENDED,2024-12-09,2024-12-14,18,7
660661,77002,PSEUDO_077002,GP_033,5,52,2024-12-27,2024-12-27,GP,F2F,URGENT,ATTENDED,2024-11-15,2024-11-20,42,3
660787,77020,PSEUDO_077020,GP_043,23,352,2024-12-27,2024-12-27,GP,F2F,ROUTINE,ATTENDED,2024-11-27,2024-11-27,30,5
662122,77162,PSEUDO_077162,GP_081,7,277,2024-12-27,2024-12-27,OP,F2F,URGENT,ATTENDED,2024-11-16,2024-11-23,41,6
662159,77168,PSEUDO_077168,GP_082,4,175,2024-12-27,2024-12-27,OP,F2F,ROUTINE,ATTENDED,2024-10-29,2024-11-02,59,1
662260,77177,PSEUDO_077177,GP_070,9,91,2024-12-27,2024-12-27,GP,TELEPHONE,ROUTINE,ATTENDED,2024-11-25,2024-11-30,32,3
662772,77240,PSEUDO_077240,GP_057,6,350,2024-12-27,2024-12-27,OP,TELEPHONE,ROUTINE,ATTENDED,2024-10-29,2024-11-05,59,2
664684,77447,PSEUDO_077447,GP_030,22,19,2024-12-27,2024-12-27,GP,F2F,URGENT,ATTENDED,2024-11-02,2024-11-02,55,8
669300,77977,PSEUDO_077977,GP_027,8,103,2024-12-27,2024-12-27,OP,F2F,ROUTINE,ATTENDED,2024-10-26,2024-10-27,62,3
670460,78124,PSEUDO_078124,GP_037,14,142,2024-12-27,2024-12-27,GP,F2F,ROUTINE,ATTENDED,2024-11-01,2024-11-05,56,6
670995,78195,PSEUDO_078195,GP_062,2,201,2024-12-27,2024-12-27,GP,F2F,ROUTINE,ATTENDED,2024-11-21,2024-11-27,36,5
671711,78289,PSEUDO_078289,GP_080,19,267,2024-12-27,2024-12-27,OP,F2F,ROUTINE,ATTENDED,2024-11-01,2024-11-04,56,3
674928,78666,PSEUDO_078666,GP_088,22,236,2024-12-27,2024-12-27,OP,F2F,ROUTINE,ATTENDED,2024-12-04,2024-12-11,23,5
676326,78827,PSEUDO_078827,GP_085,25,345,2024-12-27,2024-12-27,GP,F2F,ROUTINE,ATTENDED,2024-10-31,2024-11-04,57,2
677298,78943,PSEUDO_078943,GP_019,9,83,2024-12-27,2024-12-27,GP,F2F,ROUTINE,ATTENDED,2024-11-04,2024-11-07,53,2
679534,79211,PSEUDO_079211,GP_014,1,266,2024-12-27,2024-12-27,GP,F2F,ROUTINE,ATTENDED,2024-12-06,2024-12-12,21,1
682648,79588,PSEUDO_079588,GP_098,8,113,2024-12-27,2024-12-27,GP,F2F,ROUTINE,ATTENDED,2024-12-20,2024-12-23,7,4
683175,79660,PSEUDO_079660,GP_023,17,298,2024-12-27,2024-12-27,GP,F2F,ROUTINE,ATTENDED,2024-12-01,2024-12-02,26,4
687076,80133,PSEUDO_080133,GP_049,14,113,2024-12-27,2024-12-27,GP,TELEPHONE,URGENT,ATTENDED,2024-11-25,2024-11-26,32,3
687849,80220,PSEUDO_080220,GP_069,22,164,2024-12-27,2024-12-27,OP,TELEPHONE,ROUTINE,ATTENDED,2024-10-21,2024-10-23,67,3
691134,80589,PSEUDO_080589,GP_026,3,175,2024-12-27,2024-12-27,GP,TELEPHONE,URGENT,ATTENDED,2024-10-29,2024-11-03,59,7
691713,80660,PSEUDO_080660,GP_067,17,269,2024-12-27,2024-12-27,GP,F2F,ROUTINE,ATTENDED,2024-11-10,2024-11-14,47,4
693673,80868,PSEUDO_080868,GP_011,21,44,2024-12-27,2024-12-27,GP,F2F,ROUTINE,ATTENDED,2024-11-23,2024-11-23,34,2
694634,80978,PSEUDO_080978,GP_009,2,164,2024-12-27,2024-12-27,GP,F2F,ROUTINE,ATTENDED,2024-12-01,2024-12-01,26,3
700891,81677,PSEUDO_081677,GP_064,23,52,2024-12-27,2024-12-27,GP,F2F,ROUTINE,ATTENDED,2024-11-16,2024-11-21,41,1
701022,81690,PSEUDO_081690,GP_069,17,153,2024-12-27,2024-12-27,OP,VIDEO,ROUTINE,DNA,2024-12-12,2024-12-16,15,8
701889,81789,PSEUDO_081789,GP_026,9,35,2024-12-27,2024-12-27,OP,F2F,ROUTINE,ATTENDED,2024-11-18,2024-11-21,39,1
702538,81858,PSEUDO_081858,GP_048,19,199,2024-12-27,2024-12-27,OP,TELEPHONE,ROUTINE,ATTENDED,2024-11-03,2024-11-04,54,10
703341,81942,PSEUDO_081942,GP_067,5,241,2024-12-27,2024-12-27,GP,F2F,ROUTINE,ATTENDED,2024-11-16,2024-11-20,41,3
703692,81990,PSEUDO_081990,GP_069,16,110,2024-12-27,2024-12-27,GP,F2F,ROUTINE,DNA,2024-11-19,2024-11-26,38,5
705147,82156,PSEUDO_082156,GP_067,5,96,2024-12-27,2024-12-27,OP,F2F,ROUTINE,ATTENDED,2024-11-02,2024-11-08,55,7
706726,82336,PSEUDO_082336,GP_029,19,88,2024-12-27,2024-12-27,GP,F2F,ROUTINE,ATTENDED,2024-11-01,2024-11-05,56,5
706810,82343,PSEUDO_082343,GP_091,13,55,2024-12-27,2024-12-27,GP,VIDEO,ROUTINE,ATTENDED,2024-12-12,2024-12-16,15,3
707547,82427,PSEUDO_082427,GP_020,2,219,2024-12-27,2024-12-27,GP,VIDEO,ROUTINE,ATTENDED,2024-12-11,2024-12-18,16,4
711514,82877,PSEUDO_082877,GP_061,6,381,2024-12-27,2024-12-27,GP,TELEPHONE,ROUTINE,DNA,2024-10-29,2024-11-01,59,3
714286,83211,PSEUDO_083211,GP_074,5,146,2024-12-27,2024-12-27,GP,F2F,ROUTINE,ATTENDED,2024-12-13,2024-12-13,14,6
715998,83407,PSEUDO_083407,GP_064,5,11,2024-12-27,2024-12-27,OP,TELEPHONE,URGENT,ATTENDED,2024-12-03,2024-12-09,24,1
718271,83677,PSEUDO_083677,GP_092,24,35,2024-12-27,2024-12-27,GP,F2F,ROUTINE,ATTENDED,2024-12-06,2024-12-07,21,7
720904,83974,PSEUDO_083974,GP_023,1,12,2024-12-27,2024-12-27,OP,F2F,URGENT,ATTENDED,2024-11-09,2024-11-14,48,2
726000,84549,PSEUDO_084549,GP_023,17,159,2024-12-27,2024-12-27,OP,F2F,ROUTINE,ATTENDED,2024-10-22,2024-10-26,66,3
727316,84699,PSEUDO_084699,GP_051,12,274,2024-12-27,2024-12-27,OP,F2F,ROUTINE,ATTENDED,2024-12-19,2024-12-24,8,6
730471,85061,PSEUDO_085061,GP_089,16,293,2024-12-27,2024-12-27,OP,F2F,ROUTINE,ATTENDED,2024-12-11,2024-12-13,16,6
730960,85112,PSEUDO_085112,GP_065,5,192,2024-12-27,2024-12-27,GP,TELEPHONE,ROUTINE,ATTENDED,2024-10-26,2024-10-29,62,2
731402,85161,PSEUDO_085161,GP_066,2,90,2024-12-27,2024-12-27,GP,TELEPHONE,ROUTINE,ATTENDED,2024-11-15,2024-11-20,42,4
731721,85197,PSEUDO_085197,GP_013,14,254,2024-12-27,2024-12-27,GP,F2F,ROUTINE,ATTENDED,2024-12-05,2024-12-05,22,2
732045,85232,PSEUDO_085232,GP_062,25,77,2024-12-27,2024-12-27,GP,VIDEO,URGENT,ATTENDED,2024-11-11,2024-11-16,46,9
732405,85275,PSEUDO_085275,GP_070,24,130,2024-12-27,2024-12-27,GP,TELEPHONE,URGENT,ATTENDED,2024-12-04,2024-12-07,23,2
734041,85463,PSEUDO_085463,GP_082,16,41,2024-12-27,2024-12-27,OP,F2F,URGENT,ATTENDED,2024-11-20,2024-11-22,37,1
738334,85946,PSEUDO_085946,GP_031,11,251,2024-12-27,2024-12-27,OP,F2F,ROUTINE,ATTENDED,2024-10-24,2024-10-31,64,1
738822,85988,PSEUDO_085988,GP_077,2,14,2024-12-27,2024-12-27,GP,TELEPHONE,ROUTINE,ATTENDED,2024-11-15,2024-11-16,42,1
739770,86095,PSEUDO_086095,GP_060,19,343,2024-12-27,2024-12-27,GP,F2F,ROUTINE,ATTENDED,2024-12-15,2024-12-21,12,8
740133,86134,PSEUDO_086134,GP_059,24,262,2024-12-27,2024-12-27,GP,F2F,ROUTINE,ATTENDED,2024-12-15,2024-12-20,12,4
740676,86201,PSEUDO_086201,GP_051,2,292,2024-12-27,2024-12-27,GP,VIDEO,ROUTINE,ATTENDED,2024-10-29,2024-11-01,59,6
740953,86234,PSEUDO_086234,GP_061,15,60,2024-12-27,2024-12-27,OP,F2F,ROUTINE,ATTENDED,2024-12-05,2024-12-06,22,4
741268,86271,PSEUDO_086271,GP_072,15,2,2024-12-27,2024-12-27,GP,F2F,ROUTINE,ATTENDED,2024-12-04,2024-12-04,23,9
742206,86375,PSEUDO_086375,GP_079,12,93,2024-12-27,2024-12-27,GP,TELEPHONE,ROUTINE,ATTENDED,2024-11-21,2024-11-26,36,1
742376,86393,PSEUDO_086393,GP_064,23,379,2024-12-27,2024-12-27,GP,F2F,ROUTINE,ATTENDED,2024-11-30,2024-12-01,27,1
750320,87320,PSEUDO_087320,GP_022,6,330,2024-12-27,2024-12-27,GP,F2F,ROUTINE,DNA,2024-12-17,2024-12-23,10,4
750957,87392,PSEUDO_087392,GP_034,24,77,2024-12-27,2024-12-27,GP,TELEPHONE,ROUTINE,ATTENDED,2024-12-05,2024-12-10,22,2
751937,87517,PSEUDO_087517,GP_052,6,171,2024-12-27,2024-12-27,GP,TELEPHONE,ROUTINE,ATTENDED,2024-12-05,2024-12-10,22,6
752337,87570,PSEUDO_087570,GP_055,1,188,2024-12-27,2024-12-27,GP,F2F,ROUTINE,ATTENDED,2024-11-11,2024-11-12,46,1
752966,87639,PSEUDO_087639,GP_065,20,361,2024-12-27,2024-12-27,GP,F2F,ROUTINE,ATTENDED,2024-10-19,2024-10-26,69,2
753132,87656,PSEUDO_087656,GP_052,6,117,2024-12-27,2024-12-27,OP,TELEPHONE,ROUTINE,ATTENDED,2024-11-04,2024-11-10,53,5
753602,87714,PSEUDO_087714,GP_087,8,192,2024-12-27,2024-12-27,GP,F2F,ROUTINE,ATTENDED,2024-10-30,2024-10-31,58,8
753904,87743,PSEUDO_087743,GP_100,18,288,2024-12-27,2024-12-27,OP,F2F,ROUTINE,ATTENDED,2024-11-09,2024-11-12,48,5
754650,87830,PSEUDO_087830,GP_063,4,302,2024-12-27,2024-12-27,OP,TELEPHONE,ROUTINE,ATTENDED,2024-12-08,2024-12-12,19,1
756257,88036,PSEUDO_088036,GP_010,11,322,2024-12-27,2024-12-27,GP,F2F,ROUTINE,ATTENDED,2024-11-20,2024-11-23,37,1
757280,88163,PSEUDO_088163,GP_021,13,283,2024-12-27,2024-12-27,GP,F2F,ROUTINE,ATTENDED,2024-12-04,2024-12-11,23,1
759500,88415,PSEUDO_088415,GP_064,17,142,2024-12-27,2024-12-27,GP,F2F,ROUTINE,ATTENDED,2024-11-22,2024-11-24,35,3
761574,88675,PSEUDO_088675,GP_096,5,184,2024-12-27,2024-12-27,GP,F2F,ROUTINE,ATTENDED,2024-12-04,2024-12-08,23,2
763070,88849,PSEUDO_088849,GP_055,8,29,2024-12-27,2024-12-27,OP,TELEPHONE,URGENT,ATTENDED,2024-11-10,2024-11-10,47,6
764777,89069,PSEUDO_089069,GP_056,13,34,2024-12-27,2024-12-27,GP,TELEPHONE,ROUTINE,ATTENDED,2024-11-13,2024-11-16,44,10
767299,89391,PSEUDO_089391,GP_010,4,235,2024-12-27,2024-12-27,OP,F2F,ROUTINE,ATTENDED,2024-12-18,2024-12-18,9,4
769320,89619,PSEUDO_089619,GP_012,20,186,2024-12-27,2024-12-27,GP,F2F,ROUTINE,ATTENDED,2024-10-18,2024-10-24,70,2
769485,89641,PSEUDO_089641,GP_068,8,185,2024-12-27,2024-12-27,GP,F2F,URGENT,ATTENDED,2024-11-05,2024-11-07,52,10
769824,89681,PSEUDO_089681,GP_033,12,385,2024-12-27,2024-12-27,GP,F2F,ROUTINE,ATTENDED,2024-12-20,2024-12-24,7,4
771288,89871,PSEUDO_089871,GP_011,10,206,2024-12-27,2024-12-27,GP,F2F,ROUTINE,ATTENDED,2024-10-31,2024-11-07,57,3
772642,90030,PSEUDO_090030,GP_082,13,81,2024-12-27,2024-12-27,GP,F2F,ROUTINE,ATTENDED,2024-11-11,2024-11-12,46,1
773010,90079,PSEUDO_090079,GP_069,6,119,2024-12-27,2024-12-27,OP,F2F,URGENT,ATTENDED,2024-11-20,2024-11-20,37,9
773809,90177,PSEUDO_090177,GP_024,22,274,2024-12-27,2024-12-27,GP,VIDEO,ROUTINE,ATTENDED,2024-12-05,2024-12-12,22,2
774012,90198,PSEUDO_090198,GP_070,12,208,2024-12-27,2024-12-27,GP,F2F,ROUTINE,ATTENDED,2024-11-29,2024-11-30,28,6
776808,90529,PSEUDO_090529,GP_082,23,324,2024-12-27,2024-12-27,OP,F2F,ROUTINE,ATTENDED,2024-11-25,2024-12-01,32,10
780058,90880,PSEUDO_090880,GP_069,15,165,2024-12-27,2024-12-27,GP,F2F,ROUTINE,ATTENDED,2024-11-19,2024-11-20,38,3
780382,90921,PSEUDO_090921,GP_022,7,277,2024-12-27,2024-12-27,GP,F2F,ROUTINE,ATTENDED,2024-11-03,2024-11-10,54,8
781050,91010,PSEUDO_091010,GP_074,22,24,2024-12-27,2024-12-27,OP,F2F,ROUTINE,ATTENDED,2024-10-25,2024-10-25,63,2
781430,91055,PSEUDO_091055,GP_070,23,279,2024-12-27,2024-12-27,GP,F2F,ROUTINE,ATTENDED,2024-11-20,2024-11-20,37,2
781555,91067,PSEUDO_091067,GP_097,4,392,2024-12-27,2024-12-27,GP,F2F,ROUTINE,ATTENDED,2024-12-03,2024-12-06,24,2
783612,91309,PSEUDO_091309,GP_081,15,95,2024-12-27,2024-12-27,GP,F2F,ROUTINE,ATTENDED,2024-11-21,2024-11-28,36,10
785141,91483,PSEUDO_091483,GP_008,25,234,2024-12-27,2024-12-27,GP,F2F,ROUTINE,ATTENDED,2024-12-08,2024-12-14,19,9
786254,91600,PSEUDO_091600,GP_062,4,355,2024-12-27,2024-12-27,GP,F2F,ROUTINE,ATTENDED,2024-11-25,2024-11-27,32,1
786271,91602,PSEUDO_091602,GP_080,11,370,2024-12-27,2024-12-27,OP,F2F,ROUTINE,ATTENDED,2024-12-11,2024-12-16,16,6
786421,91622,PSEUDO_091622,GP_015,13,324,2024-12-27,2024-12-27,OP,F2F,ROUTINE,ATTENDED,2024-12-09,2024-12-14,18,3
786962,91681,PSEUDO_091681,GP_091,10,229,2024-12-27,2024-12-27,OP,F2F,ROUTINE,ATTENDED,2024-11-11,2024-11-13,46,1
788758,91893,PSEUDO_091893,GP_087,3,45,2024-12-27,2024-12-27,OP,F2F,ROUTINE,ATTENDED,2024-11-23,2024-11-24,34,8
789521,91983,PSEUDO_091983,GP_010,7,296,2024-12-27,2024-12-27,GP,F2F,ROUTINE,DNA,2024-10-30,2024-11-05,58,1
792205,92317,PSEUDO_092317,GP_033,1,350,2024-12-27,2024-12-27,GP,F2F,ROUTINE,ATTENDED,2024-12-18,2024-12-22,9,6
792910,92389,PSEUDO_092389,GP_054,23,32,2024-12-27,2024-12-27,GP,TELEPHONE,ROUTINE,ATTENDED,2024-10-20,2024-10-27,68,1
794135,92536,PSEUDO_092536,GP_003,10,93,2024-12-27,2024-12-27,GP,TELEPHONE,ROUTINE,ATTENDED,2024-10-28,2024-11-03,60,1
800643,93310,PSEUDO_093310,GP_071,20,166,2024-12-27,2024-12-27,OP,TELEPHONE,ROUTINE,ATTENDED,2024-10-28,2024-11-03,60,3
801282,93403,PSEUDO_093403,GP_049,14,363,2024-12-27,2024-12-27,GP,F2F,URGENT,ATTENDED,2024-11-10,2024-11-16,47,2
802590,93564,PSEUDO_093564,GP_008,22,248,2024-12-27,2024-12-27,GP,F2F,ROUTINE,ATTENDED,2024-11-12,2024-11-19,45,4
805090,93874,PSEUDO_093874,GP_012,5,257,2024-12-27,2024-12-27,OP,TELEPHONE,ROUTINE,ATTENDED,2024-11-22,2024-11-22,35,10
805477,93914,PSEUDO_093914,GP_079,13,47,2024-12-27,2024-12-27,GP,F2F,ROUTINE,ATTENDED,2024-11-18,2024-11-22,39,2
805636,93937,PSEUDO_093937,GP_086,23,334,2024-12-27,2024-12-27,OP,F2F,ROUTINE,ATTENDED,2024-11-20,2024-11-24,37,3
807527,94188,PSEUDO_094188,GP_064,21,92,2024-12-27,2024-12-27,GP,F2F,ROUTINE,ATTENDED,2024-11-07,2024-11-12,50,3
808767,94324,PSEUDO_094324,GP_073,19,201,2024-12-27,2024-12-27,GP,F2F,ROUTINE,ATTENDED,2024-11-07,2024-11-07,50,7
810578,94526,PSEUDO_094526,GP_007,5,214,2024-12-27,2024-12-27,OP,TELEPHONE,ROUTINE,ATTENDED,2024-12-09,2024-12-09,18,4
811835,94668,PSEUDO_094668,GP_040,12,335,2024-12-27,2024-12-27,GP,F2F,ROUTINE,ATTENDED,2024-11-04,2024-11-04,53,1
813186,94830,PSEUDO_094830,GP_084,17,103,2024-12-27,2024-12-27,GP,TELEPHONE,ROUTINE,ATTENDED,2024-11-12,2024-11-15,45,4
813753,94900,PSEUDO_094900,GP_011,10,46,2024-12-27,2024-12-27,GP,F2F,ROUTINE,ATTENDED,2024-10-18,2024-10-25,70,1
815633,95127,PSEUDO_095127,GP_065,10,80,2024-12-27,2024-12-27,GP,TELEPHONE,ROUTINE,DNA,2024-10-17,2024-10-22,71,2
816105,95177,PSEUDO_095177,GP_019,6,94,2024-12-27,2024-12-27,OP,TELEPHONE,ROUTINE,ATTENDED,2024-11-30,2024-12-03,27,7
816744,95245,PSEUDO_095245,GP_084,19,255,2024-12-27,2024-12-27,GP,F2F,ROUTINE,CANCELLED,2024-10-16,2024-10-21,72,3
817475,95337,PSEUDO_095337,GP_039,3,72,2024-12-27,2024-12-27,OP,TELEPHONE,URGENT,ATTENDED,2024-11-12,2024-11-13,45,3
818527,95464,PSEUDO_095464,GP_002,17,326,2024-12-27,2024-12-27,GP,F2F,ROUTINE,ATTENDED,2024-11-19,2024-11-20,38,2
819173,95532,PSEUDO_095532,GP_043,7,12,2024-12-27,2024-12-27,GP,F2F,ROUTINE,ATTENDED,2024-11-27,2024-11-30,30,3
819726,95587,PSEUDO_095587,GP_045,6,263,2024-12-27,2024-12-27,GP,TELEPHONE,ROUTINE,ATTENDED,2024-11-08,2024-11-13,49,2
821667,95822,PSEUDO_095822,GP_042,17,262,2024-12-27,2024-12-27,GP,TELEPHONE,ROUTINE,ATTENDED,2024-11-27,2024-12-02,30,2
823323,96021,PSEUDO_096021,GP_043,21,46,2024-12-27,2024-12-27,GP,F2F,ROUTINE,ATTENDED,2024-12-17,2024-12-18,10,6
823839,96090,PSEUDO_096090,GP_064,13,380,2024-12-27,2024-12-27,OP,TELEPHONE,ROUTINE,ATTENDED,2024-12-09,2024-12-12,18,5
824294,96146,PSEUDO_096146,GP_025,11,104,2024-12-27,2024-12-27,OP,TELEPHONE,ROUTINE,ATTENDED,2024-12-03,2024-12-04,24,3
827718,96535,PSEUDO_096535,GP_003,13,355,2024-12-27,2024-12-27,GP,F2F,ROUTINE,ATTENDED,2024-11-25,2024-12-01,32,3
827759,96540,PSEUDO_096540,GP_062,13,390,2024-12-27,2024-12-27,GP,F2F,ROUTINE,ATTENDED,2024-10-29,2024-11-05,59,10
828345,96603,PSEUDO_096603,GP_039,7,374,2024-12-27,2024-12-27,GP,F2F,URGENT,ATTENDED,2024-11-14,2024-11-20,43,2
831744,96981,PSEUDO_096981,GP_061,2,230,2024-12-27,2024-12-27,GP,F2F,URGENT,ATTENDED,2024-11-03,2024-11-09,54,2
833029,97121,PSEUDO_097121,GP_007,25,276,2024-12-27,2024-12-27,GP,TELEPHONE,ROUTINE,ATTENDED,2024-12-05,2024-12-07,22,1
835126,97373,PSEUDO_097373,GP_077,15,58,2024-12-27,2024-12-27,GP,F2F,ROUTINE,ATTENDED,2024-12-03,2024-12-05,24,8
839364,97866,PSEUDO_097866,GP_053,25,319,2024-12-27,2024-12-27,GP,F2F,ROUTINE,DNA,2024-11-29,2024-12-04,28,3
842320,98219,PSEUDO_098219,GP_037,11,193,2024-12-27,2024-12-27,GP,F2F,ROUTINE,ATTENDED,2024-11-04,2024-11-04,53,2
848391,98963,PSEUDO_098963,GP_001,9,11,2024-12-27,2024-12-27,GP,F2F,ROUTINE,ATTENDED,2024-11-12,2024-11-13,45,2
848511,98976,PSEUDO_098976,GP_042,6,205,2024-12-27,2024-12-27,GP,F2F,ROUTINE,DNA,2024-11-07,2024-11-14,50,10
851548,99315,PSEUDO_099315,GP_003,20,203,2024-12-27,2024-12-27,OP,F2F,URGENT,DNA,2024-11-22,2024-11-27,35,7
852638,99442,PSEUDO_099442,GP_041,19,274,2024-12-27,2024-12-27,GP,TELEPHONE,ROUTINE,ATTENDED,2024-11-14,2024-11-14,43,8
853817,99571,PSEUDO_099571,GP_040,11,280,2024-12-27,2024-12-27,GP,TELEPHONE,ROUTINE,ATTENDED,2024-10-25,2024-10-26,63,1
855704,99796,PSEUDO_099796,GP_039,8,115,2024-12-27,2024-12-27,OP,TELEPHONE,ROUTINE,ATTENDED,2024-11-22,2024-11-25,35,8
